-- phpMyAdmin SQL Dump
-- version 5.2.0
-- https://www.phpmyadmin.net/
--
-- Host: 127.0.0.1
-- Generation Time: Apr 19, 2023 at 07:27 PM
-- Server version: 10.4.24-MariaDB
-- PHP Version: 8.1.6

SET SQL_MODE = "NO_AUTO_VALUE_ON_ZERO";
START TRANSACTION;
SET time_zone = "+00:00";


/*!40101 SET @OLD_CHARACTER_SET_CLIENT=@@CHARACTER_SET_CLIENT */;
/*!40101 SET @OLD_CHARACTER_SET_RESULTS=@@CHARACTER_SET_RESULTS */;
/*!40101 SET @OLD_COLLATION_CONNECTION=@@COLLATION_CONNECTION */;
/*!40101 SET NAMES utf8mb4 */;

--
-- Database: `mydb`
--

-- --------------------------------------------------------

--
-- Table structure for table `curso`
--

CREATE TABLE `curso` (
  `id` int(11) NOT NULL,
  `curso` varchar(45) NOT NULL
) ENGINE=InnoDB DEFAULT CHARSET=utf8;

--
-- Dumping data for table `curso`
--

INSERT INTO `curso` (`id`, `curso`) VALUES
(1, 'primero'),
(2, 'segundo'),
(3, 'tercero'),
(4, 'cuarto'),
(5, 'quinto');

-- --------------------------------------------------------

--
-- Table structure for table `documento`
--

CREATE TABLE `documento` (
  `id` int(11) NOT NULL,
  `id_estudiante` int(11) NOT NULL,
  `id_lista_documentos` int(11) NOT NULL,
  `estado` int(1) NOT NULL DEFAULT 1,
  `url_documento` longtext NOT NULL
) ENGINE=InnoDB DEFAULT CHARSET=utf8;

--
-- Dumping data for table `documento`
--

INSERT INTO `documento` (`id`, `id_estudiante`, `id_lista_documentos`, `estado`, `url_documento`) VALUES
(22, 10, 1, 1, 'files\\10\\Documento de identidad.pdf'),
(23, 10, 2, 1, 'files\\10\\Certificados escolares.pdf'),
(24, 10, 2, 1, 'files\\10\\Certificados escolares.pdf'),
(25, 10, 2, 1, 'files\\10\\Certificados escolares.pdf'),
(26, 10, 3, 1, 'files\\10\\Certificado de salud.pdf');

-- --------------------------------------------------------

--
-- Table structure for table `estudiante`
--

CREATE TABLE `estudiante` (
  `id` int(11) NOT NULL,
  `id_curso` int(11) NOT NULL,
  `correo` varchar(50) NOT NULL,
  `nombres` varchar(200) NOT NULL,
  `apellidos` varchar(200) NOT NULL,
  `documento_identidad` int(15) NOT NULL,
  `edad` int(11) DEFAULT NULL,
  `telefono` int(11) DEFAULT NULL,
  `estado` varchar(45) DEFAULT 'Pendiente'
) ENGINE=InnoDB DEFAULT CHARSET=utf8;

--
-- Dumping data for table `estudiante`
--

INSERT INTO `estudiante` (`id`, `id_curso`, `correo`, `nombres`, `apellidos`, `documento_identidad`, `edad`, `telefono`, `estado`) VALUES
(10, 2, 'pepe@h.co', 'Pepe', 'Rodriguez', 12345, 6, NULL, 'Pendiente'),
(11, 3, 'franco@h.co', 'Franco', 'Cruz', 102131, 7, 2147483647, 'Pendiente'),
(27, 4, 'paco@h.co', 'Paco R', 'Montes', 4356, 4, 1234567890, 'Pendiente'),
(29, 1, 'martica@h.co', 'Marta', 'Cruz Sanchez', 100000042, 6, NULL, 'Pendiente'),
(30, 3, 'tatiana@h.co', 'Tatiana Lorena', 'Maldonado Torrez', 1232455, 9, 2147483647, 'Pendiente'),
(31, 5, 'florez@g.co', 'Juan Camilo', 'Florez', 3245678, 12, 1234567890, 'Pendiente'),
(34, 5, 'john1@h.com', 'John 1', 'Doe', 123456, 10, 1234567890, 'Pendiente'),
(35, 1, 'john2@h.com', 'John 2', 'Doe', 123456, 10, 1234567890, 'Pendiente'),
(36, 4, 'john5@h.com', 'John 5', 'Doe', 123456, 10, 1234567890, 'Pendiente'),
(37, 4, 'john3@h.com', 'John 3', 'Doe', 123456, 10, 1234567890, 'Pendiente'),
(38, 2, 'john6@h.com', 'John 6', 'Doe', 123456, 10, 1234567890, 'Pendiente'),
(39, 4, 'john4@h.com', 'John 4', 'Doe', 123456, 10, 1234567890, 'Pendiente'),
(40, 4, 'john8@h.com', 'John 8', 'Doe', 123456, 10, 1234567890, 'Pendiente'),
(41, 2, 'john9@h.com', 'John 9', 'Doe', 123456, 10, 1234567890, 'Pendiente'),
(42, 5, 'john10@h.com', 'John 10', 'Doe', 123456, 10, 1234567890, 'Pendiente'),
(43, 5, 'john7@h.com', 'John 7', 'Doe', 123456, 10, 1234567890, 'Pendiente'),
(44, 4, 'john12@h.com', 'John 12', 'Doe', 123456, 10, 1234567890, 'Pendiente'),
(45, 2, 'john11@h.com', 'John 11', 'Doe', 123456, 10, 1234567890, 'Pendiente'),
(46, 1, 'john16@h.com', 'John 16', 'Doe', 123456, 10, 1234567890, 'Pendiente'),
(47, 1, 'john15@h.com', 'John 15', 'Doe', 123456, 10, 1234567890, 'Pendiente'),
(48, 2, 'john13@h.com', 'John 13', 'Doe', 123456, 10, 1234567890, 'Pendiente'),
(49, 2, 'john18@h.com', 'John 18', 'Doe', 123456, 10, 1234567890, 'Pendiente'),
(50, 3, 'john14@h.com', 'John 14', 'Doe', 123456, 10, 1234567890, 'Pendiente'),
(51, 5, 'john17@h.com', 'John 17', 'Doe', 123456, 10, 1234567890, 'Pendiente'),
(52, 1, 'john21@h.com', 'John 21', 'Doe', 123456, 10, 1234567890, 'Pendiente'),
(53, 3, 'john19@h.com', 'John 19', 'Doe', 123456, 10, 1234567890, 'Pendiente'),
(54, 3, 'john20@h.com', 'John 20', 'Doe', 123456, 10, 1234567890, 'Pendiente'),
(55, 5, 'john22@h.com', 'John 22', 'Doe', 123456, 10, 1234567890, 'Pendiente'),
(56, 3, 'john26@h.com', 'John 26', 'Doe', 123456, 10, 1234567890, 'Pendiente'),
(57, 2, 'john23@h.com', 'John 23', 'Doe', 123456, 10, 1234567890, 'Pendiente'),
(58, 2, 'john24@h.com', 'John 24', 'Doe', 123456, 10, 1234567890, 'Pendiente'),
(59, 3, 'john25@h.com', 'John 25', 'Doe', 123456, 10, 1234567890, 'Pendiente'),
(60, 1, 'john30@h.com', 'John 30', 'Doe', 123456, 10, 1234567890, 'Pendiente'),
(61, 5, 'john28@h.com', 'John 28', 'Doe', 123456, 10, 1234567890, 'Pendiente'),
(62, 4, 'john29@h.com', 'John 29', 'Doe', 123456, 10, 1234567890, 'Pendiente'),
(63, 4, 'john27@h.com', 'John 27', 'Doe', 123456, 10, 1234567890, 'Pendiente'),
(64, 5, 'john32@h.com', 'John 32', 'Doe', 123456, 10, 1234567890, 'Pendiente'),
(65, 2, 'john33@h.com', 'John 33', 'Doe', 123456, 10, 1234567890, 'Pendiente'),
(66, 5, 'john34@h.com', 'John 34', 'Doe', 123456, 10, 1234567890, 'Pendiente'),
(67, 5, 'john31@h.com', 'John 31', 'Doe', 123456, 10, 1234567890, 'Pendiente'),
(68, 4, 'john40@h.com', 'John 40', 'Doe', 123456, 10, 1234567890, 'Pendiente'),
(69, 2, 'john37@h.com', 'John 37', 'Doe', 123456, 10, 1234567890, 'Pendiente'),
(70, 1, 'john38@h.com', 'John 38', 'Doe', 123456, 10, 1234567890, 'Pendiente'),
(71, 4, 'john35@h.com', 'John 35', 'Doe', 123456, 10, 1234567890, 'Pendiente'),
(72, 4, 'john39@h.com', 'John 39', 'Doe', 123456, 10, 1234567890, 'Pendiente'),
(73, 2, 'john45@h.com', 'John 45', 'Doe', 123456, 10, 1234567890, 'Pendiente'),
(74, 5, 'john44@h.com', 'John 44', 'Doe', 123456, 10, 1234567890, 'Pendiente'),
(75, 4, 'john43@h.com', 'John 43', 'Doe', 123456, 10, 1234567890, 'Pendiente'),
(76, 2, 'john36@h.com', 'John 36', 'Doe', 123456, 10, 1234567890, 'Pendiente'),
(77, 2, 'john42@h.com', 'John 42', 'Doe', 123456, 10, 1234567890, 'Pendiente'),
(78, 4, 'john46@h.com', 'John 46', 'Doe', 123456, 10, 1234567890, 'Pendiente'),
(79, 3, 'john49@h.com', 'John 49', 'Doe', 123456, 10, 1234567890, 'Pendiente'),
(80, 5, 'john41@h.com', 'John 41', 'Doe', 123456, 10, 1234567890, 'Pendiente'),
(81, 2, 'john47@h.com', 'John 47', 'Doe', 123456, 10, 1234567890, 'Pendiente'),
(82, 1, 'john50@h.com', 'John 50', 'Doe', 123456, 10, 1234567890, 'Pendiente'),
(83, 2, 'john48@h.com', 'John 48', 'Doe', 123456, 10, 1234567890, 'Pendiente'),
(84, 3, 'john53@h.com', 'John 53', 'Doe', 123456, 10, 1234567890, 'Pendiente'),
(85, 2, 'john57@h.com', 'John 57', 'Doe', 123456, 10, 1234567890, 'Pendiente'),
(86, 2, 'john55@h.com', 'John 55', 'Doe', 123456, 10, 1234567890, 'Pendiente'),
(87, 3, 'john51@h.com', 'John 51', 'Doe', 123456, 10, 1234567890, 'Pendiente'),
(88, 3, 'john58@h.com', 'John 58', 'Doe', 123456, 10, 1234567890, 'Pendiente'),
(89, 1, 'john52@h.com', 'John 52', 'Doe', 123456, 10, 1234567890, 'Pendiente'),
(90, 4, 'john54@h.com', 'John 54', 'Doe', 123456, 10, 1234567890, 'Pendiente'),
(91, 2, 'john56@h.com', 'John 56', 'Doe', 123456, 10, 1234567890, 'Pendiente'),
(92, 5, 'john60@h.com', 'John 60', 'Doe', 123456, 10, 1234567890, 'Pendiente'),
(93, 4, 'john64@h.com', 'John 64', 'Doe', 123456, 10, 1234567890, 'Pendiente'),
(94, 3, 'john63@h.com', 'John 63', 'Doe', 123456, 10, 1234567890, 'Pendiente'),
(95, 2, 'john62@h.com', 'John 62', 'Doe', 123456, 10, 1234567890, 'Pendiente'),
(96, 4, 'john59@h.com', 'John 59', 'Doe', 123456, 10, 1234567890, 'Pendiente'),
(97, 4, 'john61@h.com', 'John 61', 'Doe', 123456, 10, 1234567890, 'Pendiente'),
(98, 2, 'john68@h.com', 'John 68', 'Doe', 123456, 10, 1234567890, 'Pendiente'),
(99, 1, 'john66@h.com', 'John 66', 'Doe', 123456, 10, 1234567890, 'Pendiente'),
(100, 1, 'john67@h.com', 'John 67', 'Doe', 123456, 10, 1234567890, 'Pendiente'),
(101, 1, 'john65@h.com', 'John 65', 'Doe', 123456, 10, 1234567890, 'Pendiente'),
(102, 3, 'john70@h.com', 'John 70', 'Doe', 123456, 10, 1234567890, 'Pendiente'),
(103, 2, 'john73@h.com', 'John 73', 'Doe', 123456, 10, 1234567890, 'Pendiente'),
(104, 5, 'john71@h.com', 'John 71', 'Doe', 123456, 10, 1234567890, 'Pendiente'),
(105, 3, 'john69@h.com', 'John 69', 'Doe', 123456, 10, 1234567890, 'Pendiente'),
(106, 3, 'john72@h.com', 'John 72', 'Doe', 123456, 10, 1234567890, 'Pendiente'),
(107, 2, 'john74@h.com', 'John 74', 'Doe', 123456, 10, 1234567890, 'Pendiente'),
(108, 2, 'john75@h.com', 'John 75', 'Doe', 123456, 10, 1234567890, 'Pendiente'),
(109, 2, 'john76@h.com', 'John 76', 'Doe', 123456, 10, 1234567890, 'Pendiente'),
(110, 4, 'john78@h.com', 'John 78', 'Doe', 123456, 10, 1234567890, 'Pendiente'),
(111, 3, 'john82@h.com', 'John 82', 'Doe', 123456, 10, 1234567890, 'Pendiente'),
(112, 5, 'john79@h.com', 'John 79', 'Doe', 123456, 10, 1234567890, 'Pendiente'),
(113, 3, 'john77@h.com', 'John 77', 'Doe', 123456, 10, 1234567890, 'Pendiente'),
(114, 3, 'john88@h.com', 'John 88', 'Doe', 123456, 10, 1234567890, 'Pendiente'),
(115, 2, 'john81@h.com', 'John 81', 'Doe', 123456, 10, 1234567890, 'Pendiente'),
(116, 4, 'john85@h.com', 'John 85', 'Doe', 123456, 10, 1234567890, 'Pendiente'),
(117, 5, 'john83@h.com', 'John 83', 'Doe', 123456, 10, 1234567890, 'Pendiente'),
(118, 3, 'john80@h.com', 'John 80', 'Doe', 123456, 10, 1234567890, 'Pendiente'),
(119, 2, 'john86@h.com', 'John 86', 'Doe', 123456, 10, 1234567890, 'Pendiente'),
(120, 4, 'john92@h.com', 'John 92', 'Doe', 123456, 10, 1234567890, 'Pendiente'),
(121, 5, 'john91@h.com', 'John 91', 'Doe', 123456, 10, 1234567890, 'Pendiente'),
(122, 2, 'john93@h.com', 'John 93', 'Doe', 123456, 10, 1234567890, 'Pendiente'),
(123, 3, 'john87@h.com', 'John 87', 'Doe', 123456, 10, 1234567890, 'Pendiente'),
(124, 5, 'john90@h.com', 'John 90', 'Doe', 123456, 10, 1234567890, 'Pendiente'),
(125, 1, 'john84@h.com', 'John 84', 'Doe', 123456, 10, 1234567890, 'Pendiente'),
(126, 3, 'john89@h.com', 'John 89', 'Doe', 123456, 10, 1234567890, 'Pendiente'),
(127, 2, 'john94@h.com', 'John 94', 'Doe', 123456, 10, 1234567890, 'Pendiente'),
(128, 3, 'john99@h.com', 'John 99', 'Doe', 123456, 10, 1234567890, 'Pendiente'),
(129, 5, 'john95@h.com', 'John 95', 'Doe', 123456, 10, 1234567890, 'Pendiente'),
(130, 4, 'john96@h.com', 'John 96', 'Doe', 123456, 10, 1234567890, 'Pendiente'),
(131, 4, 'john98@h.com', 'John 98', 'Doe', 123456, 10, 1234567890, 'Pendiente'),
(132, 5, 'john97@h.com', 'John 97', 'Doe', 123456, 10, 1234567890, 'Pendiente'),
(133, 3, 'john101@h.com', 'John 101', 'Doe', 123456, 10, 1234567890, 'Pendiente'),
(134, 3, 'john104@h.com', 'John 104', 'Doe', 123456, 10, 1234567890, 'Pendiente'),
(135, 2, 'john100@h.com', 'John 100', 'Doe', 123456, 10, 1234567890, 'Pendiente'),
(136, 5, 'john103@h.com', 'John 103', 'Doe', 123456, 10, 1234567890, 'Pendiente'),
(137, 3, 'john105@h.com', 'John 105', 'Doe', 123456, 10, 1234567890, 'Pendiente'),
(138, 1, 'john102@h.com', 'John 102', 'Doe', 123456, 10, 1234567890, 'Pendiente'),
(139, 2, 'john106@h.com', 'John 106', 'Doe', 123456, 10, 1234567890, 'Pendiente'),
(140, 5, 'john111@h.com', 'John 111', 'Doe', 123456, 10, 1234567890, 'Pendiente'),
(141, 4, 'john110@h.com', 'John 110', 'Doe', 123456, 10, 1234567890, 'Pendiente'),
(142, 2, 'john108@h.com', 'John 108', 'Doe', 123456, 10, 1234567890, 'Pendiente'),
(143, 3, 'john112@h.com', 'John 112', 'Doe', 123456, 10, 1234567890, 'Pendiente'),
(144, 3, 'john113@h.com', 'John 113', 'Doe', 123456, 10, 1234567890, 'Pendiente'),
(145, 1, 'john109@h.com', 'John 109', 'Doe', 123456, 10, 1234567890, 'Pendiente'),
(146, 5, 'john114@h.com', 'John 114', 'Doe', 123456, 10, 1234567890, 'Pendiente'),
(147, 4, 'john117@h.com', 'John 117', 'Doe', 123456, 10, 1234567890, 'Pendiente'),
(148, 2, 'john115@h.com', 'John 115', 'Doe', 123456, 10, 1234567890, 'Pendiente'),
(149, 5, 'john107@h.com', 'John 107', 'Doe', 123456, 10, 1234567890, 'Pendiente'),
(150, 3, 'john116@h.com', 'John 116', 'Doe', 123456, 10, 1234567890, 'Pendiente'),
(151, 3, 'john118@h.com', 'John 118', 'Doe', 123456, 10, 1234567890, 'Pendiente'),
(152, 5, 'john121@h.com', 'John 121', 'Doe', 123456, 10, 1234567890, 'Pendiente'),
(153, 1, 'john119@h.com', 'John 119', 'Doe', 123456, 10, 1234567890, 'Pendiente'),
(154, 5, 'john120@h.com', 'John 120', 'Doe', 123456, 10, 1234567890, 'Pendiente'),
(155, 1, 'john122@h.com', 'John 122', 'Doe', 123456, 10, 1234567890, 'Pendiente'),
(156, 5, 'john123@h.com', 'John 123', 'Doe', 123456, 10, 1234567890, 'Pendiente'),
(157, 5, 'john128@h.com', 'John 128', 'Doe', 123456, 10, 1234567890, 'Pendiente'),
(158, 5, 'john124@h.com', 'John 124', 'Doe', 123456, 10, 1234567890, 'Pendiente'),
(159, 4, 'john127@h.com', 'John 127', 'Doe', 123456, 10, 1234567890, 'Pendiente'),
(160, 3, 'john125@h.com', 'John 125', 'Doe', 123456, 10, 1234567890, 'Pendiente'),
(161, 2, 'john129@h.com', 'John 129', 'Doe', 123456, 10, 1234567890, 'Pendiente'),
(162, 3, 'john130@h.com', 'John 130', 'Doe', 123456, 10, 1234567890, 'Pendiente'),
(163, 4, 'john131@h.com', 'John 131', 'Doe', 123456, 10, 1234567890, 'Pendiente'),
(164, 3, 'john126@h.com', 'John 126', 'Doe', 123456, 10, 1234567890, 'Pendiente'),
(165, 1, 'john133@h.com', 'John 133', 'Doe', 123456, 10, 1234567890, 'Pendiente'),
(166, 1, 'john134@h.com', 'John 134', 'Doe', 123456, 10, 1234567890, 'Pendiente'),
(167, 2, 'john132@h.com', 'John 132', 'Doe', 123456, 10, 1234567890, 'Pendiente'),
(168, 1, 'john136@h.com', 'John 136', 'Doe', 123456, 10, 1234567890, 'Pendiente'),
(169, 5, 'john135@h.com', 'John 135', 'Doe', 123456, 10, 1234567890, 'Pendiente'),
(170, 1, 'john140@h.com', 'John 140', 'Doe', 123456, 10, 1234567890, 'Pendiente'),
(171, 2, 'john141@h.com', 'John 141', 'Doe', 123456, 10, 1234567890, 'Pendiente'),
(172, 2, 'john138@h.com', 'John 138', 'Doe', 123456, 10, 1234567890, 'Pendiente'),
(173, 1, 'john139@h.com', 'John 139', 'Doe', 123456, 10, 1234567890, 'Pendiente'),
(174, 3, 'john142@h.com', 'John 142', 'Doe', 123456, 10, 1234567890, 'Pendiente'),
(175, 5, 'john147@h.com', 'John 147', 'Doe', 123456, 10, 1234567890, 'Pendiente'),
(176, 1, 'john137@h.com', 'John 137', 'Doe', 123456, 10, 1234567890, 'Pendiente'),
(177, 5, 'john146@h.com', 'John 146', 'Doe', 123456, 10, 1234567890, 'Pendiente'),
(178, 4, 'john143@h.com', 'John 143', 'Doe', 123456, 10, 1234567890, 'Pendiente'),
(179, 1, 'john145@h.com', 'John 145', 'Doe', 123456, 10, 1234567890, 'Pendiente'),
(180, 4, 'john148@h.com', 'John 148', 'Doe', 123456, 10, 1234567890, 'Pendiente'),
(181, 2, 'john150@h.com', 'John 150', 'Doe', 123456, 10, 1234567890, 'Pendiente'),
(182, 1, 'john154@h.com', 'John 154', 'Doe', 123456, 10, 1234567890, 'Pendiente'),
(183, 5, 'john153@h.com', 'John 153', 'Doe', 123456, 10, 1234567890, 'Pendiente'),
(184, 3, 'john144@h.com', 'John 144', 'Doe', 123456, 10, 1234567890, 'Pendiente'),
(185, 2, 'john149@h.com', 'John 149', 'Doe', 123456, 10, 1234567890, 'Pendiente'),
(186, 4, 'john156@h.com', 'John 156', 'Doe', 123456, 10, 1234567890, 'Pendiente'),
(187, 2, 'john151@h.com', 'John 151', 'Doe', 123456, 10, 1234567890, 'Pendiente'),
(188, 5, 'john158@h.com', 'John 158', 'Doe', 123456, 10, 1234567890, 'Pendiente'),
(189, 3, 'john159@h.com', 'John 159', 'Doe', 123456, 10, 1234567890, 'Pendiente'),
(190, 3, 'john152@h.com', 'John 152', 'Doe', 123456, 10, 1234567890, 'Pendiente'),
(191, 5, 'john160@h.com', 'John 160', 'Doe', 123456, 10, 1234567890, 'Pendiente'),
(192, 3, 'john157@h.com', 'John 157', 'Doe', 123456, 10, 1234567890, 'Pendiente'),
(193, 5, 'john162@h.com', 'John 162', 'Doe', 123456, 10, 1234567890, 'Pendiente'),
(194, 1, 'john155@h.com', 'John 155', 'Doe', 123456, 10, 1234567890, 'Pendiente'),
(195, 3, 'john163@h.com', 'John 163', 'Doe', 123456, 10, 1234567890, 'Pendiente'),
(196, 4, 'john161@h.com', 'John 161', 'Doe', 123456, 10, 1234567890, 'Pendiente'),
(197, 3, 'john165@h.com', 'John 165', 'Doe', 123456, 10, 1234567890, 'Pendiente'),
(198, 3, 'john164@h.com', 'John 164', 'Doe', 123456, 10, 1234567890, 'Pendiente'),
(199, 1, 'john166@h.com', 'John 166', 'Doe', 123456, 10, 1234567890, 'Pendiente'),
(200, 1, 'john167@h.com', 'John 167', 'Doe', 123456, 10, 1234567890, 'Pendiente'),
(201, 3, 'john170@h.com', 'John 170', 'Doe', 123456, 10, 1234567890, 'Pendiente'),
(202, 2, 'john168@h.com', 'John 168', 'Doe', 123456, 10, 1234567890, 'Pendiente'),
(203, 5, 'john169@h.com', 'John 169', 'Doe', 123456, 10, 1234567890, 'Pendiente'),
(204, 2, 'john171@h.com', 'John 171', 'Doe', 123456, 10, 1234567890, 'Pendiente'),
(205, 4, 'john174@h.com', 'John 174', 'Doe', 123456, 10, 1234567890, 'Pendiente'),
(206, 1, 'john175@h.com', 'John 175', 'Doe', 123456, 10, 1234567890, 'Pendiente'),
(207, 5, 'john173@h.com', 'John 173', 'Doe', 123456, 10, 1234567890, 'Pendiente'),
(208, 4, 'john172@h.com', 'John 172', 'Doe', 123456, 10, 1234567890, 'Pendiente'),
(209, 4, 'john176@h.com', 'John 176', 'Doe', 123456, 10, 1234567890, 'Pendiente'),
(210, 2, 'john177@h.com', 'John 177', 'Doe', 123456, 10, 1234567890, 'Pendiente'),
(211, 4, 'john178@h.com', 'John 178', 'Doe', 123456, 10, 1234567890, 'Pendiente'),
(212, 5, 'john179@h.com', 'John 179', 'Doe', 123456, 10, 1234567890, 'Pendiente'),
(213, 4, 'john181@h.com', 'John 181', 'Doe', 123456, 10, 1234567890, 'Pendiente'),
(214, 1, 'john180@h.com', 'John 180', 'Doe', 123456, 10, 1234567890, 'Pendiente'),
(215, 3, 'john183@h.com', 'John 183', 'Doe', 123456, 10, 1234567890, 'Pendiente'),
(216, 1, 'john184@h.com', 'John 184', 'Doe', 123456, 10, 1234567890, 'Pendiente'),
(217, 2, 'john182@h.com', 'John 182', 'Doe', 123456, 10, 1234567890, 'Pendiente'),
(218, 4, 'john186@h.com', 'John 186', 'Doe', 123456, 10, 1234567890, 'Pendiente'),
(219, 1, 'john190@h.com', 'John 190', 'Doe', 123456, 10, 1234567890, 'Pendiente'),
(220, 1, 'john185@h.com', 'John 185', 'Doe', 123456, 10, 1234567890, 'Pendiente'),
(221, 5, 'john188@h.com', 'John 188', 'Doe', 123456, 10, 1234567890, 'Pendiente'),
(222, 5, 'john189@h.com', 'John 189', 'Doe', 123456, 10, 1234567890, 'Pendiente'),
(223, 3, 'john187@h.com', 'John 187', 'Doe', 123456, 10, 1234567890, 'Pendiente'),
(224, 4, 'john193@h.com', 'John 193', 'Doe', 123456, 10, 1234567890, 'Pendiente'),
(225, 2, 'john195@h.com', 'John 195', 'Doe', 123456, 10, 1234567890, 'Pendiente'),
(226, 4, 'john192@h.com', 'John 192', 'Doe', 123456, 10, 1234567890, 'Pendiente'),
(227, 3, 'john196@h.com', 'John 196', 'Doe', 123456, 10, 1234567890, 'Pendiente'),
(228, 2, 'john197@h.com', 'John 197', 'Doe', 123456, 10, 1234567890, 'Pendiente'),
(229, 3, 'john201@h.com', 'John 201', 'Doe', 123456, 10, 1234567890, 'Pendiente'),
(230, 4, 'john202@h.com', 'John 202', 'Doe', 123456, 10, 1234567890, 'Pendiente'),
(231, 2, 'john198@h.com', 'John 198', 'Doe', 123456, 10, 1234567890, 'Pendiente'),
(232, 1, 'john194@h.com', 'John 194', 'Doe', 123456, 10, 1234567890, 'Pendiente'),
(233, 2, 'john191@h.com', 'John 191', 'Doe', 123456, 10, 1234567890, 'Pendiente'),
(234, 4, 'john205@h.com', 'John 205', 'Doe', 123456, 10, 1234567890, 'Pendiente'),
(235, 1, 'john200@h.com', 'John 200', 'Doe', 123456, 10, 1234567890, 'Pendiente'),
(236, 2, 'john199@h.com', 'John 199', 'Doe', 123456, 10, 1234567890, 'Pendiente'),
(237, 4, 'john206@h.com', 'John 206', 'Doe', 123456, 10, 1234567890, 'Pendiente'),
(238, 3, 'john204@h.com', 'John 204', 'Doe', 123456, 10, 1234567890, 'Pendiente'),
(239, 5, 'john203@h.com', 'John 203', 'Doe', 123456, 10, 1234567890, 'Pendiente'),
(240, 2, 'john208@h.com', 'John 208', 'Doe', 123456, 10, 1234567890, 'Pendiente'),
(241, 3, 'john211@h.com', 'John 211', 'Doe', 123456, 10, 1234567890, 'Pendiente'),
(242, 2, 'john214@h.com', 'John 214', 'Doe', 123456, 10, 1234567890, 'Pendiente'),
(243, 1, 'john207@h.com', 'John 207', 'Doe', 123456, 10, 1234567890, 'Pendiente'),
(244, 5, 'john210@h.com', 'John 210', 'Doe', 123456, 10, 1234567890, 'Pendiente'),
(245, 1, 'john213@h.com', 'John 213', 'Doe', 123456, 10, 1234567890, 'Pendiente'),
(246, 3, 'john212@h.com', 'John 212', 'Doe', 123456, 10, 1234567890, 'Pendiente'),
(247, 2, 'john215@h.com', 'John 215', 'Doe', 123456, 10, 1234567890, 'Pendiente'),
(248, 3, 'john209@h.com', 'John 209', 'Doe', 123456, 10, 1234567890, 'Pendiente'),
(249, 3, 'john216@h.com', 'John 216', 'Doe', 123456, 10, 1234567890, 'Pendiente'),
(250, 5, 'john219@h.com', 'John 219', 'Doe', 123456, 10, 1234567890, 'Pendiente'),
(251, 4, 'john217@h.com', 'John 217', 'Doe', 123456, 10, 1234567890, 'Pendiente'),
(252, 3, 'john220@h.com', 'John 220', 'Doe', 123456, 10, 1234567890, 'Pendiente'),
(253, 5, 'john222@h.com', 'John 222', 'Doe', 123456, 10, 1234567890, 'Pendiente'),
(254, 3, 'john218@h.com', 'John 218', 'Doe', 123456, 10, 1234567890, 'Pendiente'),
(255, 1, 'john224@h.com', 'John 224', 'Doe', 123456, 10, 1234567890, 'Pendiente'),
(256, 3, 'john226@h.com', 'John 226', 'Doe', 123456, 10, 1234567890, 'Pendiente'),
(257, 5, 'john225@h.com', 'John 225', 'Doe', 123456, 10, 1234567890, 'Pendiente'),
(258, 1, 'john223@h.com', 'John 223', 'Doe', 123456, 10, 1234567890, 'Pendiente'),
(259, 2, 'john229@h.com', 'John 229', 'Doe', 123456, 10, 1234567890, 'Pendiente'),
(260, 3, 'john230@h.com', 'John 230', 'Doe', 123456, 10, 1234567890, 'Pendiente'),
(261, 5, 'john228@h.com', 'John 228', 'Doe', 123456, 10, 1234567890, 'Pendiente'),
(262, 3, 'john221@h.com', 'John 221', 'Doe', 123456, 10, 1234567890, 'Pendiente'),
(263, 1, 'john231@h.com', 'John 231', 'Doe', 123456, 10, 1234567890, 'Pendiente'),
(264, 4, 'john236@h.com', 'John 236', 'Doe', 123456, 10, 1234567890, 'Pendiente'),
(265, 2, 'john227@h.com', 'John 227', 'Doe', 123456, 10, 1234567890, 'Pendiente'),
(266, 1, 'john235@h.com', 'John 235', 'Doe', 123456, 10, 1234567890, 'Pendiente'),
(267, 3, 'john232@h.com', 'John 232', 'Doe', 123456, 10, 1234567890, 'Pendiente'),
(268, 1, 'john233@h.com', 'John 233', 'Doe', 123456, 10, 1234567890, 'Pendiente'),
(269, 4, 'john238@h.com', 'John 238', 'Doe', 123456, 10, 1234567890, 'Pendiente'),
(270, 3, 'john239@h.com', 'John 239', 'Doe', 123456, 10, 1234567890, 'Pendiente'),
(271, 3, 'john234@h.com', 'John 234', 'Doe', 123456, 10, 1234567890, 'Pendiente'),
(272, 4, 'john237@h.com', 'John 237', 'Doe', 123456, 10, 1234567890, 'Pendiente'),
(273, 4, 'john240@h.com', 'John 240', 'Doe', 123456, 10, 1234567890, 'Pendiente'),
(274, 4, 'john244@h.com', 'John 244', 'Doe', 123456, 10, 1234567890, 'Pendiente'),
(275, 2, 'john241@h.com', 'John 241', 'Doe', 123456, 10, 1234567890, 'Pendiente'),
(276, 3, 'john243@h.com', 'John 243', 'Doe', 123456, 10, 1234567890, 'Pendiente'),
(277, 2, 'john242@h.com', 'John 242', 'Doe', 123456, 10, 1234567890, 'Pendiente'),
(278, 4, 'john245@h.com', 'John 245', 'Doe', 123456, 10, 1234567890, 'Pendiente'),
(279, 1, 'john249@h.com', 'John 249', 'Doe', 123456, 10, 1234567890, 'Pendiente'),
(280, 2, 'john246@h.com', 'John 246', 'Doe', 123456, 10, 1234567890, 'Pendiente'),
(281, 5, 'john248@h.com', 'John 248', 'Doe', 123456, 10, 1234567890, 'Pendiente'),
(282, 5, 'john247@h.com', 'John 247', 'Doe', 123456, 10, 1234567890, 'Pendiente'),
(283, 5, 'john250@h.com', 'John 250', 'Doe', 123456, 10, 1234567890, 'Pendiente'),
(284, 5, 'john253@h.com', 'John 253', 'Doe', 123456, 10, 1234567890, 'Pendiente'),
(285, 4, 'john255@h.com', 'John 255', 'Doe', 123456, 10, 1234567890, 'Pendiente'),
(286, 2, 'john252@h.com', 'John 252', 'Doe', 123456, 10, 1234567890, 'Pendiente'),
(287, 5, 'john254@h.com', 'John 254', 'Doe', 123456, 10, 1234567890, 'Pendiente'),
(288, 3, 'john251@h.com', 'John 251', 'Doe', 123456, 10, 1234567890, 'Pendiente'),
(289, 1, 'john256@h.com', 'John 256', 'Doe', 123456, 10, 1234567890, 'Pendiente'),
(290, 4, 'john260@h.com', 'John 260', 'Doe', 123456, 10, 1234567890, 'Pendiente'),
(291, 1, 'john258@h.com', 'John 258', 'Doe', 123456, 10, 1234567890, 'Pendiente'),
(292, 1, 'john259@h.com', 'John 259', 'Doe', 123456, 10, 1234567890, 'Pendiente'),
(293, 3, 'john257@h.com', 'John 257', 'Doe', 123456, 10, 1234567890, 'Pendiente'),
(294, 2, 'john261@h.com', 'John 261', 'Doe', 123456, 10, 1234567890, 'Pendiente'),
(295, 5, 'john264@h.com', 'John 264', 'Doe', 123456, 10, 1234567890, 'Pendiente'),
(296, 5, 'john263@h.com', 'John 263', 'Doe', 123456, 10, 1234567890, 'Pendiente'),
(297, 3, 'john262@h.com', 'John 262', 'Doe', 123456, 10, 1234567890, 'Pendiente'),
(298, 1, 'john265@h.com', 'John 265', 'Doe', 123456, 10, 1234567890, 'Pendiente'),
(299, 4, 'john268@h.com', 'John 268', 'Doe', 123456, 10, 1234567890, 'Pendiente'),
(300, 3, 'john266@h.com', 'John 266', 'Doe', 123456, 10, 1234567890, 'Pendiente'),
(301, 3, 'john270@h.com', 'John 270', 'Doe', 123456, 10, 1234567890, 'Pendiente'),
(302, 5, 'john267@h.com', 'John 267', 'Doe', 123456, 10, 1234567890, 'Pendiente'),
(303, 4, 'john269@h.com', 'John 269', 'Doe', 123456, 10, 1234567890, 'Pendiente'),
(304, 1, 'john271@h.com', 'John 271', 'Doe', 123456, 10, 1234567890, 'Pendiente'),
(305, 5, 'john272@h.com', 'John 272', 'Doe', 123456, 10, 1234567890, 'Pendiente'),
(306, 3, 'john273@h.com', 'John 273', 'Doe', 123456, 10, 1234567890, 'Pendiente'),
(307, 2, 'john274@h.com', 'John 274', 'Doe', 123456, 10, 1234567890, 'Pendiente'),
(308, 1, 'john275@h.com', 'John 275', 'Doe', 123456, 10, 1234567890, 'Pendiente'),
(309, 4, 'john279@h.com', 'John 279', 'Doe', 123456, 10, 1234567890, 'Pendiente'),
(310, 5, 'john278@h.com', 'John 278', 'Doe', 123456, 10, 1234567890, 'Pendiente'),
(311, 5, 'john277@h.com', 'John 277', 'Doe', 123456, 10, 1234567890, 'Pendiente'),
(312, 1, 'john280@h.com', 'John 280', 'Doe', 123456, 10, 1234567890, 'Pendiente'),
(313, 3, 'john276@h.com', 'John 276', 'Doe', 123456, 10, 1234567890, 'Pendiente'),
(314, 4, 'john283@h.com', 'John 283', 'Doe', 123456, 10, 1234567890, 'Pendiente'),
(315, 5, 'john281@h.com', 'John 281', 'Doe', 123456, 10, 1234567890, 'Pendiente'),
(316, 2, 'john284@h.com', 'John 284', 'Doe', 123456, 10, 1234567890, 'Pendiente'),
(317, 1, 'john286@h.com', 'John 286', 'Doe', 123456, 10, 1234567890, 'Pendiente'),
(318, 5, 'john287@h.com', 'John 287', 'Doe', 123456, 10, 1234567890, 'Pendiente'),
(319, 4, 'john285@h.com', 'John 285', 'Doe', 123456, 10, 1234567890, 'Pendiente'),
(320, 2, 'john289@h.com', 'John 289', 'Doe', 123456, 10, 1234567890, 'Pendiente'),
(321, 4, 'john288@h.com', 'John 288', 'Doe', 123456, 10, 1234567890, 'Pendiente'),
(322, 4, 'john282@h.com', 'John 282', 'Doe', 123456, 10, 1234567890, 'Pendiente'),
(323, 2, 'john290@h.com', 'John 290', 'Doe', 123456, 10, 1234567890, 'Pendiente'),
(324, 4, 'john292@h.com', 'John 292', 'Doe', 123456, 10, 1234567890, 'Pendiente'),
(325, 3, 'john298@h.com', 'John 298', 'Doe', 123456, 10, 1234567890, 'Pendiente'),
(326, 2, 'john293@h.com', 'John 293', 'Doe', 123456, 10, 1234567890, 'Pendiente'),
(327, 4, 'john294@h.com', 'John 294', 'Doe', 123456, 10, 1234567890, 'Pendiente'),
(328, 2, 'john291@h.com', 'John 291', 'Doe', 123456, 10, 1234567890, 'Pendiente'),
(329, 5, 'john297@h.com', 'John 297', 'Doe', 123456, 10, 1234567890, 'Pendiente'),
(330, 4, 'john299@h.com', 'John 299', 'Doe', 123456, 10, 1234567890, 'Pendiente'),
(331, 1, 'john295@h.com', 'John 295', 'Doe', 123456, 10, 1234567890, 'Pendiente'),
(332, 2, 'john302@h.com', 'John 302', 'Doe', 123456, 10, 1234567890, 'Pendiente'),
(333, 1, 'john296@h.com', 'John 296', 'Doe', 123456, 10, 1234567890, 'Pendiente'),
(334, 3, 'john300@h.com', 'John 300', 'Doe', 123456, 10, 1234567890, 'Pendiente'),
(335, 4, 'john303@h.com', 'John 303', 'Doe', 123456, 10, 1234567890, 'Pendiente'),
(336, 3, 'john306@h.com', 'John 306', 'Doe', 123456, 10, 1234567890, 'Pendiente'),
(337, 4, 'john304@h.com', 'John 304', 'Doe', 123456, 10, 1234567890, 'Pendiente'),
(338, 1, 'john309@h.com', 'John 309', 'Doe', 123456, 10, 1234567890, 'Pendiente'),
(339, 3, 'john310@h.com', 'John 310', 'Doe', 123456, 10, 1234567890, 'Pendiente'),
(340, 3, 'john305@h.com', 'John 305', 'Doe', 123456, 10, 1234567890, 'Pendiente'),
(341, 4, 'john301@h.com', 'John 301', 'Doe', 123456, 10, 1234567890, 'Pendiente'),
(342, 1, 'john308@h.com', 'John 308', 'Doe', 123456, 10, 1234567890, 'Pendiente'),
(343, 2, 'john307@h.com', 'John 307', 'Doe', 123456, 10, 1234567890, 'Pendiente'),
(344, 2, 'john312@h.com', 'John 312', 'Doe', 123456, 10, 1234567890, 'Pendiente'),
(345, 1, 'john314@h.com', 'John 314', 'Doe', 123456, 10, 1234567890, 'Pendiente'),
(346, 3, 'john311@h.com', 'John 311', 'Doe', 123456, 10, 1234567890, 'Pendiente'),
(347, 1, 'john315@h.com', 'John 315', 'Doe', 123456, 10, 1234567890, 'Pendiente'),
(348, 5, 'john316@h.com', 'John 316', 'Doe', 123456, 10, 1234567890, 'Pendiente'),
(349, 3, 'john318@h.com', 'John 318', 'Doe', 123456, 10, 1234567890, 'Pendiente'),
(350, 3, 'john319@h.com', 'John 319', 'Doe', 123456, 10, 1234567890, 'Pendiente'),
(351, 3, 'john313@h.com', 'John 313', 'Doe', 123456, 10, 1234567890, 'Pendiente'),
(352, 4, 'john321@h.com', 'John 321', 'Doe', 123456, 10, 1234567890, 'Pendiente'),
(353, 4, 'john320@h.com', 'John 320', 'Doe', 123456, 10, 1234567890, 'Pendiente'),
(354, 2, 'john317@h.com', 'John 317', 'Doe', 123456, 10, 1234567890, 'Pendiente'),
(355, 4, 'john323@h.com', 'John 323', 'Doe', 123456, 10, 1234567890, 'Pendiente'),
(356, 3, 'john322@h.com', 'John 322', 'Doe', 123456, 10, 1234567890, 'Pendiente'),
(357, 2, 'john324@h.com', 'John 324', 'Doe', 123456, 10, 1234567890, 'Pendiente'),
(358, 3, 'john327@h.com', 'John 327', 'Doe', 123456, 10, 1234567890, 'Pendiente'),
(359, 4, 'john326@h.com', 'John 326', 'Doe', 123456, 10, 1234567890, 'Pendiente'),
(360, 3, 'john328@h.com', 'John 328', 'Doe', 123456, 10, 1234567890, 'Pendiente'),
(361, 3, 'john325@h.com', 'John 325', 'Doe', 123456, 10, 1234567890, 'Pendiente'),
(362, 1, 'john330@h.com', 'John 330', 'Doe', 123456, 10, 1234567890, 'Pendiente'),
(363, 5, 'john329@h.com', 'John 329', 'Doe', 123456, 10, 1234567890, 'Pendiente'),
(364, 5, 'john334@h.com', 'John 334', 'Doe', 123456, 10, 1234567890, 'Pendiente'),
(365, 1, 'john332@h.com', 'John 332', 'Doe', 123456, 10, 1234567890, 'Pendiente'),
(366, 3, 'john331@h.com', 'John 331', 'Doe', 123456, 10, 1234567890, 'Pendiente'),
(367, 3, 'john333@h.com', 'John 333', 'Doe', 123456, 10, 1234567890, 'Pendiente'),
(368, 1, 'john337@h.com', 'John 337', 'Doe', 123456, 10, 1234567890, 'Pendiente'),
(369, 2, 'john335@h.com', 'John 335', 'Doe', 123456, 10, 1234567890, 'Pendiente'),
(370, 3, 'john336@h.com', 'John 336', 'Doe', 123456, 10, 1234567890, 'Pendiente'),
(371, 1, 'john339@h.com', 'John 339', 'Doe', 123456, 10, 1234567890, 'Pendiente'),
(372, 3, 'john344@h.com', 'John 344', 'Doe', 123456, 10, 1234567890, 'Pendiente'),
(373, 5, 'john338@h.com', 'John 338', 'Doe', 123456, 10, 1234567890, 'Pendiente'),
(374, 2, 'john342@h.com', 'John 342', 'Doe', 123456, 10, 1234567890, 'Pendiente'),
(375, 1, 'john346@h.com', 'John 346', 'Doe', 123456, 10, 1234567890, 'Pendiente'),
(376, 1, 'john343@h.com', 'John 343', 'Doe', 123456, 10, 1234567890, 'Pendiente'),
(377, 5, 'john340@h.com', 'John 340', 'Doe', 123456, 10, 1234567890, 'Pendiente'),
(378, 2, 'john345@h.com', 'John 345', 'Doe', 123456, 10, 1234567890, 'Pendiente'),
(379, 1, 'john347@h.com', 'John 347', 'Doe', 123456, 10, 1234567890, 'Pendiente'),
(380, 4, 'john352@h.com', 'John 352', 'Doe', 123456, 10, 1234567890, 'Pendiente'),
(381, 2, 'john348@h.com', 'John 348', 'Doe', 123456, 10, 1234567890, 'Pendiente'),
(382, 3, 'john351@h.com', 'John 351', 'Doe', 123456, 10, 1234567890, 'Pendiente'),
(383, 1, 'john341@h.com', 'John 341', 'Doe', 123456, 10, 1234567890, 'Pendiente'),
(384, 5, 'john353@h.com', 'John 353', 'Doe', 123456, 10, 1234567890, 'Pendiente'),
(385, 1, 'john349@h.com', 'John 349', 'Doe', 123456, 10, 1234567890, 'Pendiente'),
(386, 1, 'john354@h.com', 'John 354', 'Doe', 123456, 10, 1234567890, 'Pendiente'),
(387, 2, 'john350@h.com', 'John 350', 'Doe', 123456, 10, 1234567890, 'Pendiente'),
(388, 2, 'john357@h.com', 'John 357', 'Doe', 123456, 10, 1234567890, 'Pendiente'),
(389, 5, 'john355@h.com', 'John 355', 'Doe', 123456, 10, 1234567890, 'Pendiente'),
(390, 5, 'john356@h.com', 'John 356', 'Doe', 123456, 10, 1234567890, 'Pendiente'),
(391, 2, 'john361@h.com', 'John 361', 'Doe', 123456, 10, 1234567890, 'Pendiente'),
(392, 3, 'john360@h.com', 'John 360', 'Doe', 123456, 10, 1234567890, 'Pendiente'),
(393, 3, 'john359@h.com', 'John 359', 'Doe', 123456, 10, 1234567890, 'Pendiente'),
(394, 2, 'john358@h.com', 'John 358', 'Doe', 123456, 10, 1234567890, 'Pendiente'),
(395, 2, 'john362@h.com', 'John 362', 'Doe', 123456, 10, 1234567890, 'Pendiente'),
(396, 3, 'john366@h.com', 'John 366', 'Doe', 123456, 10, 1234567890, 'Pendiente'),
(397, 2, 'john367@h.com', 'John 367', 'Doe', 123456, 10, 1234567890, 'Pendiente'),
(398, 5, 'john364@h.com', 'John 364', 'Doe', 123456, 10, 1234567890, 'Pendiente'),
(399, 1, 'john369@h.com', 'John 369', 'Doe', 123456, 10, 1234567890, 'Pendiente'),
(400, 3, 'john363@h.com', 'John 363', 'Doe', 123456, 10, 1234567890, 'Pendiente'),
(401, 4, 'john365@h.com', 'John 365', 'Doe', 123456, 10, 1234567890, 'Pendiente'),
(402, 4, 'john370@h.com', 'John 370', 'Doe', 123456, 10, 1234567890, 'Pendiente'),
(403, 3, 'john371@h.com', 'John 371', 'Doe', 123456, 10, 1234567890, 'Pendiente'),
(404, 5, 'john368@h.com', 'John 368', 'Doe', 123456, 10, 1234567890, 'Pendiente'),
(405, 2, 'john372@h.com', 'John 372', 'Doe', 123456, 10, 1234567890, 'Pendiente'),
(406, 1, 'john374@h.com', 'John 374', 'Doe', 123456, 10, 1234567890, 'Pendiente'),
(407, 2, 'john373@h.com', 'John 373', 'Doe', 123456, 10, 1234567890, 'Pendiente'),
(408, 2, 'john375@h.com', 'John 375', 'Doe', 123456, 10, 1234567890, 'Pendiente'),
(409, 5, 'john376@h.com', 'John 376', 'Doe', 123456, 10, 1234567890, 'Pendiente'),
(410, 5, 'john380@h.com', 'John 380', 'Doe', 123456, 10, 1234567890, 'Pendiente'),
(411, 1, 'john378@h.com', 'John 378', 'Doe', 123456, 10, 1234567890, 'Pendiente'),
(412, 4, 'john377@h.com', 'John 377', 'Doe', 123456, 10, 1234567890, 'Pendiente'),
(413, 1, 'john379@h.com', 'John 379', 'Doe', 123456, 10, 1234567890, 'Pendiente'),
(414, 3, 'john381@h.com', 'John 381', 'Doe', 123456, 10, 1234567890, 'Pendiente'),
(415, 2, 'john385@h.com', 'John 385', 'Doe', 123456, 10, 1234567890, 'Pendiente'),
(416, 5, 'john383@h.com', 'John 383', 'Doe', 123456, 10, 1234567890, 'Pendiente'),
(417, 3, 'john384@h.com', 'John 384', 'Doe', 123456, 10, 1234567890, 'Pendiente'),
(418, 4, 'john382@h.com', 'John 382', 'Doe', 123456, 10, 1234567890, 'Pendiente'),
(419, 3, 'john388@h.com', 'John 388', 'Doe', 123456, 10, 1234567890, 'Pendiente'),
(420, 1, 'john393@h.com', 'John 393', 'Doe', 123456, 10, 1234567890, 'Pendiente'),
(421, 2, 'john386@h.com', 'John 386', 'Doe', 123456, 10, 1234567890, 'Pendiente'),
(422, 2, 'john391@h.com', 'John 391', 'Doe', 123456, 10, 1234567890, 'Pendiente'),
(423, 4, 'john387@h.com', 'John 387', 'Doe', 123456, 10, 1234567890, 'Pendiente'),
(424, 1, 'john390@h.com', 'John 390', 'Doe', 123456, 10, 1234567890, 'Pendiente'),
(425, 3, 'john389@h.com', 'John 389', 'Doe', 123456, 10, 1234567890, 'Pendiente'),
(426, 2, 'john394@h.com', 'John 394', 'Doe', 123456, 10, 1234567890, 'Pendiente'),
(427, 5, 'john392@h.com', 'John 392', 'Doe', 123456, 10, 1234567890, 'Pendiente'),
(428, 1, 'john396@h.com', 'John 396', 'Doe', 123456, 10, 1234567890, 'Pendiente'),
(429, 3, 'john395@h.com', 'John 395', 'Doe', 123456, 10, 1234567890, 'Pendiente'),
(430, 2, 'john397@h.com', 'John 397', 'Doe', 123456, 10, 1234567890, 'Pendiente'),
(431, 3, 'john398@h.com', 'John 398', 'Doe', 123456, 10, 1234567890, 'Pendiente'),
(432, 4, 'john400@h.com', 'John 400', 'Doe', 123456, 10, 1234567890, 'Pendiente'),
(433, 3, 'john404@h.com', 'John 404', 'Doe', 123456, 10, 1234567890, 'Pendiente'),
(434, 5, 'john399@h.com', 'John 399', 'Doe', 123456, 10, 1234567890, 'Pendiente'),
(435, 3, 'john401@h.com', 'John 401', 'Doe', 123456, 10, 1234567890, 'Pendiente'),
(436, 1, 'john405@h.com', 'John 405', 'Doe', 123456, 10, 1234567890, 'Pendiente'),
(437, 4, 'john403@h.com', 'John 403', 'Doe', 123456, 10, 1234567890, 'Pendiente'),
(438, 4, 'john406@h.com', 'John 406', 'Doe', 123456, 10, 1234567890, 'Pendiente'),
(439, 5, 'john402@h.com', 'John 402', 'Doe', 123456, 10, 1234567890, 'Pendiente'),
(440, 4, 'john408@h.com', 'John 408', 'Doe', 123456, 10, 1234567890, 'Pendiente'),
(441, 4, 'john410@h.com', 'John 410', 'Doe', 123456, 10, 1234567890, 'Pendiente'),
(442, 4, 'john407@h.com', 'John 407', 'Doe', 123456, 10, 1234567890, 'Pendiente'),
(443, 2, 'john409@h.com', 'John 409', 'Doe', 123456, 10, 1234567890, 'Pendiente'),
(444, 1, 'john411@h.com', 'John 411', 'Doe', 123456, 10, 1234567890, 'Pendiente'),
(445, 1, 'john412@h.com', 'John 412', 'Doe', 123456, 10, 1234567890, 'Pendiente'),
(446, 1, 'john417@h.com', 'John 417', 'Doe', 123456, 10, 1234567890, 'Pendiente'),
(447, 5, 'john415@h.com', 'John 415', 'Doe', 123456, 10, 1234567890, 'Pendiente'),
(448, 5, 'john414@h.com', 'John 414', 'Doe', 123456, 10, 1234567890, 'Pendiente'),
(449, 2, 'john413@h.com', 'John 413', 'Doe', 123456, 10, 1234567890, 'Pendiente'),
(450, 5, 'john416@h.com', 'John 416', 'Doe', 123456, 10, 1234567890, 'Pendiente'),
(451, 3, 'john418@h.com', 'John 418', 'Doe', 123456, 10, 1234567890, 'Pendiente'),
(452, 1, 'john419@h.com', 'John 419', 'Doe', 123456, 10, 1234567890, 'Pendiente'),
(453, 4, 'john423@h.com', 'John 423', 'Doe', 123456, 10, 1234567890, 'Pendiente'),
(454, 3, 'john420@h.com', 'John 420', 'Doe', 123456, 10, 1234567890, 'Pendiente'),
(455, 2, 'john421@h.com', 'John 421', 'Doe', 123456, 10, 1234567890, 'Pendiente'),
(456, 5, 'john422@h.com', 'John 422', 'Doe', 123456, 10, 1234567890, 'Pendiente'),
(457, 1, 'john424@h.com', 'John 424', 'Doe', 123456, 10, 1234567890, 'Pendiente'),
(458, 2, 'john427@h.com', 'John 427', 'Doe', 123456, 10, 1234567890, 'Pendiente'),
(459, 5, 'john425@h.com', 'John 425', 'Doe', 123456, 10, 1234567890, 'Pendiente'),
(460, 5, 'john426@h.com', 'John 426', 'Doe', 123456, 10, 1234567890, 'Pendiente'),
(461, 3, 'john429@h.com', 'John 429', 'Doe', 123456, 10, 1234567890, 'Pendiente'),
(462, 3, 'john431@h.com', 'John 431', 'Doe', 123456, 10, 1234567890, 'Pendiente'),
(463, 3, 'john430@h.com', 'John 430', 'Doe', 123456, 10, 1234567890, 'Pendiente'),
(464, 3, 'john432@h.com', 'John 432', 'Doe', 123456, 10, 1234567890, 'Pendiente'),
(465, 2, 'john428@h.com', 'John 428', 'Doe', 123456, 10, 1234567890, 'Pendiente'),
(466, 1, 'john434@h.com', 'John 434', 'Doe', 123456, 10, 1234567890, 'Pendiente'),
(467, 1, 'john439@h.com', 'John 439', 'Doe', 123456, 10, 1234567890, 'Pendiente'),
(468, 3, 'john438@h.com', 'John 438', 'Doe', 123456, 10, 1234567890, 'Pendiente'),
(469, 5, 'john433@h.com', 'John 433', 'Doe', 123456, 10, 1234567890, 'Pendiente'),
(470, 3, 'john436@h.com', 'John 436', 'Doe', 123456, 10, 1234567890, 'Pendiente'),
(471, 4, 'john435@h.com', 'John 435', 'Doe', 123456, 10, 1234567890, 'Pendiente'),
(472, 2, 'john437@h.com', 'John 437', 'Doe', 123456, 10, 1234567890, 'Pendiente'),
(473, 5, 'john441@h.com', 'John 441', 'Doe', 123456, 10, 1234567890, 'Pendiente'),
(474, 2, 'john440@h.com', 'John 440', 'Doe', 123456, 10, 1234567890, 'Pendiente'),
(475, 2, 'john446@h.com', 'John 446', 'Doe', 123456, 10, 1234567890, 'Pendiente'),
(476, 2, 'john444@h.com', 'John 444', 'Doe', 123456, 10, 1234567890, 'Pendiente'),
(477, 4, 'john445@h.com', 'John 445', 'Doe', 123456, 10, 1234567890, 'Pendiente'),
(478, 2, 'john442@h.com', 'John 442', 'Doe', 123456, 10, 1234567890, 'Pendiente'),
(479, 5, 'john447@h.com', 'John 447', 'Doe', 123456, 10, 1234567890, 'Pendiente'),
(480, 5, 'john443@h.com', 'John 443', 'Doe', 123456, 10, 1234567890, 'Pendiente'),
(481, 3, 'john449@h.com', 'John 449', 'Doe', 123456, 10, 1234567890, 'Pendiente'),
(482, 1, 'john448@h.com', 'John 448', 'Doe', 123456, 10, 1234567890, 'Pendiente'),
(483, 3, 'john451@h.com', 'John 451', 'Doe', 123456, 10, 1234567890, 'Pendiente'),
(484, 4, 'john453@h.com', 'John 453', 'Doe', 123456, 10, 1234567890, 'Pendiente'),
(485, 2, 'john452@h.com', 'John 452', 'Doe', 123456, 10, 1234567890, 'Pendiente'),
(486, 4, 'john454@h.com', 'John 454', 'Doe', 123456, 10, 1234567890, 'Pendiente'),
(487, 5, 'john450@h.com', 'John 450', 'Doe', 123456, 10, 1234567890, 'Pendiente'),
(488, 3, 'john456@h.com', 'John 456', 'Doe', 123456, 10, 1234567890, 'Pendiente'),
(489, 4, 'john455@h.com', 'John 455', 'Doe', 123456, 10, 1234567890, 'Pendiente'),
(490, 5, 'john457@h.com', 'John 457', 'Doe', 123456, 10, 1234567890, 'Pendiente'),
(491, 5, 'john458@h.com', 'John 458', 'Doe', 123456, 10, 1234567890, 'Pendiente'),
(492, 2, 'john459@h.com', 'John 459', 'Doe', 123456, 10, 1234567890, 'Pendiente'),
(493, 4, 'john460@h.com', 'John 460', 'Doe', 123456, 10, 1234567890, 'Pendiente'),
(494, 4, 'john462@h.com', 'John 462', 'Doe', 123456, 10, 1234567890, 'Pendiente'),
(495, 2, 'john463@h.com', 'John 463', 'Doe', 123456, 10, 1234567890, 'Pendiente'),
(496, 3, 'john461@h.com', 'John 461', 'Doe', 123456, 10, 1234567890, 'Pendiente'),
(497, 5, 'john464@h.com', 'John 464', 'Doe', 123456, 10, 1234567890, 'Pendiente'),
(498, 2, 'john465@h.com', 'John 465', 'Doe', 123456, 10, 1234567890, 'Pendiente'),
(499, 2, 'john469@h.com', 'John 469', 'Doe', 123456, 10, 1234567890, 'Pendiente'),
(500, 3, 'john468@h.com', 'John 468', 'Doe', 123456, 10, 1234567890, 'Pendiente'),
(501, 1, 'john467@h.com', 'John 467', 'Doe', 123456, 10, 1234567890, 'Pendiente'),
(502, 1, 'john466@h.com', 'John 466', 'Doe', 123456, 10, 1234567890, 'Pendiente'),
(503, 2, 'john470@h.com', 'John 470', 'Doe', 123456, 10, 1234567890, 'Pendiente'),
(504, 2, 'john473@h.com', 'John 473', 'Doe', 123456, 10, 1234567890, 'Pendiente'),
(505, 1, 'john472@h.com', 'John 472', 'Doe', 123456, 10, 1234567890, 'Pendiente'),
(506, 1, 'john471@h.com', 'John 471', 'Doe', 123456, 10, 1234567890, 'Pendiente'),
(507, 5, 'john475@h.com', 'John 475', 'Doe', 123456, 10, 1234567890, 'Pendiente'),
(508, 2, 'john477@h.com', 'John 477', 'Doe', 123456, 10, 1234567890, 'Pendiente'),
(509, 4, 'john476@h.com', 'John 476', 'Doe', 123456, 10, 1234567890, 'Pendiente'),
(510, 3, 'john474@h.com', 'John 474', 'Doe', 123456, 10, 1234567890, 'Pendiente'),
(511, 1, 'john478@h.com', 'John 478', 'Doe', 123456, 10, 1234567890, 'Pendiente'),
(512, 4, 'john479@h.com', 'John 479', 'Doe', 123456, 10, 1234567890, 'Pendiente'),
(513, 2, 'john481@h.com', 'John 481', 'Doe', 123456, 10, 1234567890, 'Pendiente'),
(514, 3, 'john480@h.com', 'John 480', 'Doe', 123456, 10, 1234567890, 'Pendiente'),
(515, 2, 'john482@h.com', 'John 482', 'Doe', 123456, 10, 1234567890, 'Pendiente'),
(516, 3, 'john486@h.com', 'John 486', 'Doe', 123456, 10, 1234567890, 'Pendiente'),
(517, 5, 'john487@h.com', 'John 487', 'Doe', 123456, 10, 1234567890, 'Pendiente'),
(518, 4, 'john484@h.com', 'John 484', 'Doe', 123456, 10, 1234567890, 'Pendiente'),
(519, 4, 'john483@h.com', 'John 483', 'Doe', 123456, 10, 1234567890, 'Pendiente'),
(520, 5, 'john485@h.com', 'John 485', 'Doe', 123456, 10, 1234567890, 'Pendiente'),
(521, 4, 'john489@h.com', 'John 489', 'Doe', 123456, 10, 1234567890, 'Pendiente'),
(522, 5, 'john488@h.com', 'John 488', 'Doe', 123456, 10, 1234567890, 'Pendiente'),
(523, 5, 'john491@h.com', 'John 491', 'Doe', 123456, 10, 1234567890, 'Pendiente'),
(524, 1, 'john490@h.com', 'John 490', 'Doe', 123456, 10, 1234567890, 'Pendiente'),
(525, 3, 'john493@h.com', 'John 493', 'Doe', 123456, 10, 1234567890, 'Pendiente'),
(526, 1, 'john494@h.com', 'John 494', 'Doe', 123456, 10, 1234567890, 'Pendiente'),
(527, 3, 'john497@h.com', 'John 497', 'Doe', 123456, 10, 1234567890, 'Pendiente'),
(528, 5, 'john496@h.com', 'John 496', 'Doe', 123456, 10, 1234567890, 'Pendiente'),
(529, 2, 'john495@h.com', 'John 495', 'Doe', 123456, 10, 1234567890, 'Pendiente'),
(530, 3, 'john492@h.com', 'John 492', 'Doe', 123456, 10, 1234567890, 'Pendiente'),
(531, 3, 'john498@h.com', 'John 498', 'Doe', 123456, 10, 1234567890, 'Pendiente'),
(532, 1, 'john500@h.com', 'John 500', 'Doe', 123456, 10, 1234567890, 'Pendiente'),
(533, 4, 'john502@h.com', 'John 502', 'Doe', 123456, 10, 1234567890, 'Pendiente'),
(534, 4, 'john501@h.com', 'John 501', 'Doe', 123456, 10, 1234567890, 'Pendiente'),
(535, 5, 'john503@h.com', 'John 503', 'Doe', 123456, 10, 1234567890, 'Pendiente'),
(536, 1, 'john504@h.com', 'John 504', 'Doe', 123456, 10, 1234567890, 'Pendiente'),
(537, 2, 'john507@h.com', 'John 507', 'Doe', 123456, 10, 1234567890, 'Pendiente'),
(538, 1, 'john499@h.com', 'John 499', 'Doe', 123456, 10, 1234567890, 'Pendiente'),
(539, 5, 'john508@h.com', 'John 508', 'Doe', 123456, 10, 1234567890, 'Pendiente'),
(540, 1, 'john506@h.com', 'John 506', 'Doe', 123456, 10, 1234567890, 'Pendiente'),
(541, 3, 'john505@h.com', 'John 505', 'Doe', 123456, 10, 1234567890, 'Pendiente'),
(542, 1, 'john509@h.com', 'John 509', 'Doe', 123456, 10, 1234567890, 'Pendiente'),
(543, 5, 'john512@h.com', 'John 512', 'Doe', 123456, 10, 1234567890, 'Pendiente'),
(544, 3, 'john510@h.com', 'John 510', 'Doe', 123456, 10, 1234567890, 'Pendiente'),
(545, 4, 'john511@h.com', 'John 511', 'Doe', 123456, 10, 1234567890, 'Pendiente'),
(546, 2, 'john513@h.com', 'John 513', 'Doe', 123456, 10, 1234567890, 'Pendiente'),
(547, 1, 'john514@h.com', 'John 514', 'Doe', 123456, 10, 1234567890, 'Pendiente'),
(548, 3, 'john517@h.com', 'John 517', 'Doe', 123456, 10, 1234567890, 'Pendiente'),
(549, 4, 'john518@h.com', 'John 518', 'Doe', 123456, 10, 1234567890, 'Pendiente'),
(550, 2, 'john516@h.com', 'John 516', 'Doe', 123456, 10, 1234567890, 'Pendiente'),
(551, 5, 'john515@h.com', 'John 515', 'Doe', 123456, 10, 1234567890, 'Pendiente'),
(552, 4, 'john521@h.com', 'John 521', 'Doe', 123456, 10, 1234567890, 'Pendiente'),
(553, 4, 'john525@h.com', 'John 525', 'Doe', 123456, 10, 1234567890, 'Pendiente'),
(554, 3, 'john522@h.com', 'John 522', 'Doe', 123456, 10, 1234567890, 'Pendiente'),
(555, 4, 'john519@h.com', 'John 519', 'Doe', 123456, 10, 1234567890, 'Pendiente'),
(556, 5, 'john520@h.com', 'John 520', 'Doe', 123456, 10, 1234567890, 'Pendiente'),
(557, 3, 'john527@h.com', 'John 527', 'Doe', 123456, 10, 1234567890, 'Pendiente'),
(558, 5, 'john523@h.com', 'John 523', 'Doe', 123456, 10, 1234567890, 'Pendiente'),
(559, 5, 'john524@h.com', 'John 524', 'Doe', 123456, 10, 1234567890, 'Pendiente'),
(560, 4, 'john526@h.com', 'John 526', 'Doe', 123456, 10, 1234567890, 'Pendiente'),
(561, 2, 'john528@h.com', 'John 528', 'Doe', 123456, 10, 1234567890, 'Pendiente'),
(562, 2, 'john531@h.com', 'John 531', 'Doe', 123456, 10, 1234567890, 'Pendiente'),
(563, 5, 'john529@h.com', 'John 529', 'Doe', 123456, 10, 1234567890, 'Pendiente'),
(564, 1, 'john532@h.com', 'John 532', 'Doe', 123456, 10, 1234567890, 'Pendiente'),
(565, 1, 'john530@h.com', 'John 530', 'Doe', 123456, 10, 1234567890, 'Pendiente'),
(566, 3, 'john536@h.com', 'John 536', 'Doe', 123456, 10, 1234567890, 'Pendiente'),
(567, 1, 'john534@h.com', 'John 534', 'Doe', 123456, 10, 1234567890, 'Pendiente'),
(568, 2, 'john533@h.com', 'John 533', 'Doe', 123456, 10, 1234567890, 'Pendiente'),
(569, 3, 'john535@h.com', 'John 535', 'Doe', 123456, 10, 1234567890, 'Pendiente'),
(570, 5, 'john538@h.com', 'John 538', 'Doe', 123456, 10, 1234567890, 'Pendiente'),
(571, 2, 'john541@h.com', 'John 541', 'Doe', 123456, 10, 1234567890, 'Pendiente'),
(572, 4, 'john540@h.com', 'John 540', 'Doe', 123456, 10, 1234567890, 'Pendiente'),
(573, 3, 'john537@h.com', 'John 537', 'Doe', 123456, 10, 1234567890, 'Pendiente'),
(574, 2, 'john542@h.com', 'John 542', 'Doe', 123456, 10, 1234567890, 'Pendiente'),
(575, 5, 'john547@h.com', 'John 547', 'Doe', 123456, 10, 1234567890, 'Pendiente'),
(576, 2, 'john543@h.com', 'John 543', 'Doe', 123456, 10, 1234567890, 'Pendiente'),
(577, 1, 'john548@h.com', 'John 548', 'Doe', 123456, 10, 1234567890, 'Pendiente'),
(578, 2, 'john545@h.com', 'John 545', 'Doe', 123456, 10, 1234567890, 'Pendiente'),
(579, 1, 'john539@h.com', 'John 539', 'Doe', 123456, 10, 1234567890, 'Pendiente'),
(580, 2, 'john544@h.com', 'John 544', 'Doe', 123456, 10, 1234567890, 'Pendiente'),
(581, 3, 'john549@h.com', 'John 549', 'Doe', 123456, 10, 1234567890, 'Pendiente'),
(582, 2, 'john550@h.com', 'John 550', 'Doe', 123456, 10, 1234567890, 'Pendiente'),
(583, 4, 'john552@h.com', 'John 552', 'Doe', 123456, 10, 1234567890, 'Pendiente'),
(584, 2, 'john551@h.com', 'John 551', 'Doe', 123456, 10, 1234567890, 'Pendiente'),
(585, 4, 'john546@h.com', 'John 546', 'Doe', 123456, 10, 1234567890, 'Pendiente'),
(586, 4, 'john554@h.com', 'John 554', 'Doe', 123456, 10, 1234567890, 'Pendiente'),
(587, 2, 'john559@h.com', 'John 559', 'Doe', 123456, 10, 1234567890, 'Pendiente'),
(588, 2, 'john555@h.com', 'John 555', 'Doe', 123456, 10, 1234567890, 'Pendiente'),
(589, 3, 'john561@h.com', 'John 561', 'Doe', 123456, 10, 1234567890, 'Pendiente'),
(590, 5, 'john558@h.com', 'John 558', 'Doe', 123456, 10, 1234567890, 'Pendiente'),
(591, 4, 'john553@h.com', 'John 553', 'Doe', 123456, 10, 1234567890, 'Pendiente'),
(592, 3, 'john557@h.com', 'John 557', 'Doe', 123456, 10, 1234567890, 'Pendiente'),
(593, 3, 'john556@h.com', 'John 556', 'Doe', 123456, 10, 1234567890, 'Pendiente'),
(594, 5, 'john565@h.com', 'John 565', 'Doe', 123456, 10, 1234567890, 'Pendiente'),
(595, 4, 'john562@h.com', 'John 562', 'Doe', 123456, 10, 1234567890, 'Pendiente'),
(596, 2, 'john560@h.com', 'John 560', 'Doe', 123456, 10, 1234567890, 'Pendiente'),
(597, 2, 'john563@h.com', 'John 563', 'Doe', 123456, 10, 1234567890, 'Pendiente'),
(598, 2, 'john564@h.com', 'John 564', 'Doe', 123456, 10, 1234567890, 'Pendiente'),
(599, 2, 'john566@h.com', 'John 566', 'Doe', 123456, 10, 1234567890, 'Pendiente'),
(600, 4, 'john567@h.com', 'John 567', 'Doe', 123456, 10, 1234567890, 'Pendiente'),
(601, 2, 'john569@h.com', 'John 569', 'Doe', 123456, 10, 1234567890, 'Pendiente'),
(602, 3, 'john571@h.com', 'John 571', 'Doe', 123456, 10, 1234567890, 'Pendiente'),
(603, 3, 'john568@h.com', 'John 568', 'Doe', 123456, 10, 1234567890, 'Pendiente'),
(604, 1, 'john570@h.com', 'John 570', 'Doe', 123456, 10, 1234567890, 'Pendiente'),
(605, 5, 'john575@h.com', 'John 575', 'Doe', 123456, 10, 1234567890, 'Pendiente'),
(606, 3, 'john576@h.com', 'John 576', 'Doe', 123456, 10, 1234567890, 'Pendiente'),
(607, 3, 'john572@h.com', 'John 572', 'Doe', 123456, 10, 1234567890, 'Pendiente'),
(608, 4, 'john573@h.com', 'John 573', 'Doe', 123456, 10, 1234567890, 'Pendiente'),
(609, 2, 'john574@h.com', 'John 574', 'Doe', 123456, 10, 1234567890, 'Pendiente'),
(610, 4, 'john579@h.com', 'John 579', 'Doe', 123456, 10, 1234567890, 'Pendiente'),
(611, 3, 'john584@h.com', 'John 584', 'Doe', 123456, 10, 1234567890, 'Pendiente'),
(612, 5, 'john577@h.com', 'John 577', 'Doe', 123456, 10, 1234567890, 'Pendiente'),
(613, 5, 'john578@h.com', 'John 578', 'Doe', 123456, 10, 1234567890, 'Pendiente'),
(614, 3, 'john581@h.com', 'John 581', 'Doe', 123456, 10, 1234567890, 'Pendiente'),
(615, 5, 'john580@h.com', 'John 580', 'Doe', 123456, 10, 1234567890, 'Pendiente'),
(616, 5, 'john583@h.com', 'John 583', 'Doe', 123456, 10, 1234567890, 'Pendiente'),
(617, 5, 'john582@h.com', 'John 582', 'Doe', 123456, 10, 1234567890, 'Pendiente'),
(618, 3, 'john587@h.com', 'John 587', 'Doe', 123456, 10, 1234567890, 'Pendiente'),
(619, 2, 'john585@h.com', 'John 585', 'Doe', 123456, 10, 1234567890, 'Pendiente'),
(620, 4, 'john586@h.com', 'John 586', 'Doe', 123456, 10, 1234567890, 'Pendiente'),
(621, 4, 'john590@h.com', 'John 590', 'Doe', 123456, 10, 1234567890, 'Pendiente'),
(622, 2, 'john589@h.com', 'John 589', 'Doe', 123456, 10, 1234567890, 'Pendiente'),
(623, 1, 'john591@h.com', 'John 591', 'Doe', 123456, 10, 1234567890, 'Pendiente'),
(624, 3, 'john588@h.com', 'John 588', 'Doe', 123456, 10, 1234567890, 'Pendiente'),
(625, 3, 'john594@h.com', 'John 594', 'Doe', 123456, 10, 1234567890, 'Pendiente'),
(626, 1, 'john595@h.com', 'John 595', 'Doe', 123456, 10, 1234567890, 'Pendiente'),
(627, 4, 'john592@h.com', 'John 592', 'Doe', 123456, 10, 1234567890, 'Pendiente'),
(628, 5, 'john593@h.com', 'John 593', 'Doe', 123456, 10, 1234567890, 'Pendiente'),
(629, 4, 'john597@h.com', 'John 597', 'Doe', 123456, 10, 1234567890, 'Pendiente'),
(630, 3, 'john596@h.com', 'John 596', 'Doe', 123456, 10, 1234567890, 'Pendiente'),
(631, 5, 'john598@h.com', 'John 598', 'Doe', 123456, 10, 1234567890, 'Pendiente'),
(632, 5, 'john600@h.com', 'John 600', 'Doe', 123456, 10, 1234567890, 'Pendiente'),
(633, 2, 'john599@h.com', 'John 599', 'Doe', 123456, 10, 1234567890, 'Pendiente'),
(634, 3, 'john602@h.com', 'John 602', 'Doe', 123456, 10, 1234567890, 'Pendiente'),
(635, 2, 'john603@h.com', 'John 603', 'Doe', 123456, 10, 1234567890, 'Pendiente'),
(636, 1, 'john605@h.com', 'John 605', 'Doe', 123456, 10, 1234567890, 'Pendiente'),
(637, 1, 'john607@h.com', 'John 607', 'Doe', 123456, 10, 1234567890, 'Pendiente'),
(638, 3, 'john601@h.com', 'John 601', 'Doe', 123456, 10, 1234567890, 'Pendiente'),
(639, 5, 'john606@h.com', 'John 606', 'Doe', 123456, 10, 1234567890, 'Pendiente'),
(640, 5, 'john604@h.com', 'John 604', 'Doe', 123456, 10, 1234567890, 'Pendiente'),
(641, 2, 'john609@h.com', 'John 609', 'Doe', 123456, 10, 1234567890, 'Pendiente'),
(642, 1, 'john611@h.com', 'John 611', 'Doe', 123456, 10, 1234567890, 'Pendiente'),
(643, 3, 'john610@h.com', 'John 610', 'Doe', 123456, 10, 1234567890, 'Pendiente'),
(644, 4, 'john608@h.com', 'John 608', 'Doe', 123456, 10, 1234567890, 'Pendiente'),
(645, 2, 'john613@h.com', 'John 613', 'Doe', 123456, 10, 1234567890, 'Pendiente'),
(646, 4, 'john614@h.com', 'John 614', 'Doe', 123456, 10, 1234567890, 'Pendiente');
INSERT INTO `estudiante` (`id`, `id_curso`, `correo`, `nombres`, `apellidos`, `documento_identidad`, `edad`, `telefono`, `estado`) VALUES
(647, 4, 'john615@h.com', 'John 615', 'Doe', 123456, 10, 1234567890, 'Pendiente'),
(648, 2, 'john616@h.com', 'John 616', 'Doe', 123456, 10, 1234567890, 'Pendiente'),
(649, 1, 'john612@h.com', 'John 612', 'Doe', 123456, 10, 1234567890, 'Pendiente'),
(650, 2, 'john618@h.com', 'John 618', 'Doe', 123456, 10, 1234567890, 'Pendiente'),
(651, 3, 'john619@h.com', 'John 619', 'Doe', 123456, 10, 1234567890, 'Pendiente'),
(652, 5, 'john617@h.com', 'John 617', 'Doe', 123456, 10, 1234567890, 'Pendiente'),
(653, 5, 'john621@h.com', 'John 621', 'Doe', 123456, 10, 1234567890, 'Pendiente'),
(654, 1, 'john620@h.com', 'John 620', 'Doe', 123456, 10, 1234567890, 'Pendiente'),
(655, 4, 'john625@h.com', 'John 625', 'Doe', 123456, 10, 1234567890, 'Pendiente'),
(656, 2, 'john627@h.com', 'John 627', 'Doe', 123456, 10, 1234567890, 'Pendiente'),
(657, 5, 'john622@h.com', 'John 622', 'Doe', 123456, 10, 1234567890, 'Pendiente'),
(658, 3, 'john626@h.com', 'John 626', 'Doe', 123456, 10, 1234567890, 'Pendiente'),
(659, 5, 'john623@h.com', 'John 623', 'Doe', 123456, 10, 1234567890, 'Pendiente'),
(660, 2, 'john624@h.com', 'John 624', 'Doe', 123456, 10, 1234567890, 'Pendiente'),
(661, 4, 'john632@h.com', 'John 632', 'Doe', 123456, 10, 1234567890, 'Pendiente'),
(662, 4, 'john633@h.com', 'John 633', 'Doe', 123456, 10, 1234567890, 'Pendiente'),
(663, 5, 'john628@h.com', 'John 628', 'Doe', 123456, 10, 1234567890, 'Pendiente'),
(664, 4, 'john631@h.com', 'John 631', 'Doe', 123456, 10, 1234567890, 'Pendiente'),
(665, 2, 'john629@h.com', 'John 629', 'Doe', 123456, 10, 1234567890, 'Pendiente'),
(666, 3, 'john630@h.com', 'John 630', 'Doe', 123456, 10, 1234567890, 'Pendiente'),
(667, 1, 'john639@h.com', 'John 639', 'Doe', 123456, 10, 1234567890, 'Pendiente'),
(668, 3, 'john634@h.com', 'John 634', 'Doe', 123456, 10, 1234567890, 'Pendiente'),
(669, 2, 'john636@h.com', 'John 636', 'Doe', 123456, 10, 1234567890, 'Pendiente'),
(670, 3, 'john637@h.com', 'John 637', 'Doe', 123456, 10, 1234567890, 'Pendiente'),
(671, 1, 'john635@h.com', 'John 635', 'Doe', 123456, 10, 1234567890, 'Pendiente'),
(672, 1, 'john638@h.com', 'John 638', 'Doe', 123456, 10, 1234567890, 'Pendiente'),
(673, 2, 'john641@h.com', 'John 641', 'Doe', 123456, 10, 1234567890, 'Pendiente'),
(674, 5, 'john640@h.com', 'John 640', 'Doe', 123456, 10, 1234567890, 'Pendiente'),
(675, 1, 'john644@h.com', 'John 644', 'Doe', 123456, 10, 1234567890, 'Pendiente'),
(676, 5, 'john645@h.com', 'John 645', 'Doe', 123456, 10, 1234567890, 'Pendiente'),
(677, 2, 'john642@h.com', 'John 642', 'Doe', 123456, 10, 1234567890, 'Pendiente'),
(678, 2, 'john647@h.com', 'John 647', 'Doe', 123456, 10, 1234567890, 'Pendiente'),
(679, 3, 'john643@h.com', 'John 643', 'Doe', 123456, 10, 1234567890, 'Pendiente'),
(680, 1, 'john648@h.com', 'John 648', 'Doe', 123456, 10, 1234567890, 'Pendiente'),
(681, 2, 'john649@h.com', 'John 649', 'Doe', 123456, 10, 1234567890, 'Pendiente'),
(682, 5, 'john646@h.com', 'John 646', 'Doe', 123456, 10, 1234567890, 'Pendiente'),
(683, 1, 'john653@h.com', 'John 653', 'Doe', 123456, 10, 1234567890, 'Pendiente'),
(684, 1, 'john657@h.com', 'John 657', 'Doe', 123456, 10, 1234567890, 'Pendiente'),
(685, 3, 'john656@h.com', 'John 656', 'Doe', 123456, 10, 1234567890, 'Pendiente'),
(686, 4, 'john650@h.com', 'John 650', 'Doe', 123456, 10, 1234567890, 'Pendiente'),
(687, 4, 'john652@h.com', 'John 652', 'Doe', 123456, 10, 1234567890, 'Pendiente'),
(688, 1, 'john651@h.com', 'John 651', 'Doe', 123456, 10, 1234567890, 'Pendiente'),
(689, 4, 'john654@h.com', 'John 654', 'Doe', 123456, 10, 1234567890, 'Pendiente'),
(690, 1, 'john655@h.com', 'John 655', 'Doe', 123456, 10, 1234567890, 'Pendiente'),
(691, 1, 'john659@h.com', 'John 659', 'Doe', 123456, 10, 1234567890, 'Pendiente'),
(692, 2, 'john658@h.com', 'John 658', 'Doe', 123456, 10, 1234567890, 'Pendiente'),
(693, 2, 'john660@h.com', 'John 660', 'Doe', 123456, 10, 1234567890, 'Pendiente'),
(694, 5, 'john661@h.com', 'John 661', 'Doe', 123456, 10, 1234567890, 'Pendiente'),
(695, 5, 'john662@h.com', 'John 662', 'Doe', 123456, 10, 1234567890, 'Pendiente'),
(696, 2, 'john668@h.com', 'John 668', 'Doe', 123456, 10, 1234567890, 'Pendiente'),
(697, 1, 'john666@h.com', 'John 666', 'Doe', 123456, 10, 1234567890, 'Pendiente'),
(698, 3, 'john665@h.com', 'John 665', 'Doe', 123456, 10, 1234567890, 'Pendiente'),
(699, 5, 'john663@h.com', 'John 663', 'Doe', 123456, 10, 1234567890, 'Pendiente'),
(700, 4, 'john664@h.com', 'John 664', 'Doe', 123456, 10, 1234567890, 'Pendiente'),
(701, 1, 'john672@h.com', 'John 672', 'Doe', 123456, 10, 1234567890, 'Pendiente'),
(702, 2, 'john667@h.com', 'John 667', 'Doe', 123456, 10, 1234567890, 'Pendiente'),
(703, 4, 'john669@h.com', 'John 669', 'Doe', 123456, 10, 1234567890, 'Pendiente'),
(704, 3, 'john673@h.com', 'John 673', 'Doe', 123456, 10, 1234567890, 'Pendiente'),
(705, 2, 'john674@h.com', 'John 674', 'Doe', 123456, 10, 1234567890, 'Pendiente'),
(706, 3, 'john675@h.com', 'John 675', 'Doe', 123456, 10, 1234567890, 'Pendiente'),
(707, 4, 'john679@h.com', 'John 679', 'Doe', 123456, 10, 1234567890, 'Pendiente'),
(708, 1, 'john670@h.com', 'John 670', 'Doe', 123456, 10, 1234567890, 'Pendiente'),
(709, 4, 'john671@h.com', 'John 671', 'Doe', 123456, 10, 1234567890, 'Pendiente'),
(710, 3, 'john677@h.com', 'John 677', 'Doe', 123456, 10, 1234567890, 'Pendiente'),
(711, 5, 'john678@h.com', 'John 678', 'Doe', 123456, 10, 1234567890, 'Pendiente'),
(712, 5, 'john676@h.com', 'John 676', 'Doe', 123456, 10, 1234567890, 'Pendiente'),
(713, 1, 'john683@h.com', 'John 683', 'Doe', 123456, 10, 1234567890, 'Pendiente'),
(714, 5, 'john680@h.com', 'John 680', 'Doe', 123456, 10, 1234567890, 'Pendiente'),
(715, 1, 'john686@h.com', 'John 686', 'Doe', 123456, 10, 1234567890, 'Pendiente'),
(716, 1, 'john684@h.com', 'John 684', 'Doe', 123456, 10, 1234567890, 'Pendiente'),
(717, 1, 'john681@h.com', 'John 681', 'Doe', 123456, 10, 1234567890, 'Pendiente'),
(718, 4, 'john685@h.com', 'John 685', 'Doe', 123456, 10, 1234567890, 'Pendiente'),
(719, 1, 'john682@h.com', 'John 682', 'Doe', 123456, 10, 1234567890, 'Pendiente'),
(720, 1, 'john687@h.com', 'John 687', 'Doe', 123456, 10, 1234567890, 'Pendiente'),
(721, 2, 'john690@h.com', 'John 690', 'Doe', 123456, 10, 1234567890, 'Pendiente'),
(722, 1, 'john689@h.com', 'John 689', 'Doe', 123456, 10, 1234567890, 'Pendiente'),
(723, 3, 'john688@h.com', 'John 688', 'Doe', 123456, 10, 1234567890, 'Pendiente'),
(724, 2, 'john691@h.com', 'John 691', 'Doe', 123456, 10, 1234567890, 'Pendiente'),
(725, 2, 'john693@h.com', 'John 693', 'Doe', 123456, 10, 1234567890, 'Pendiente'),
(726, 3, 'john695@h.com', 'John 695', 'Doe', 123456, 10, 1234567890, 'Pendiente'),
(727, 1, 'john692@h.com', 'John 692', 'Doe', 123456, 10, 1234567890, 'Pendiente'),
(728, 1, 'john697@h.com', 'John 697', 'Doe', 123456, 10, 1234567890, 'Pendiente'),
(729, 2, 'john694@h.com', 'John 694', 'Doe', 123456, 10, 1234567890, 'Pendiente'),
(730, 5, 'john696@h.com', 'John 696', 'Doe', 123456, 10, 1234567890, 'Pendiente'),
(731, 4, 'john698@h.com', 'John 698', 'Doe', 123456, 10, 1234567890, 'Pendiente'),
(732, 2, 'john699@h.com', 'John 699', 'Doe', 123456, 10, 1234567890, 'Pendiente'),
(733, 1, 'john700@h.com', 'John 700', 'Doe', 123456, 10, 1234567890, 'Pendiente'),
(734, 3, 'john701@h.com', 'John 701', 'Doe', 123456, 10, 1234567890, 'Pendiente'),
(735, 4, 'john702@h.com', 'John 702', 'Doe', 123456, 10, 1234567890, 'Pendiente'),
(736, 5, 'john703@h.com', 'John 703', 'Doe', 123456, 10, 1234567890, 'Pendiente'),
(737, 5, 'john704@h.com', 'John 704', 'Doe', 123456, 10, 1234567890, 'Pendiente'),
(738, 5, 'john707@h.com', 'John 707', 'Doe', 123456, 10, 1234567890, 'Pendiente'),
(739, 4, 'john706@h.com', 'John 706', 'Doe', 123456, 10, 1234567890, 'Pendiente'),
(740, 2, 'john705@h.com', 'John 705', 'Doe', 123456, 10, 1234567890, 'Pendiente'),
(741, 4, 'john709@h.com', 'John 709', 'Doe', 123456, 10, 1234567890, 'Pendiente'),
(742, 5, 'john708@h.com', 'John 708', 'Doe', 123456, 10, 1234567890, 'Pendiente'),
(743, 5, 'john716@h.com', 'John 716', 'Doe', 123456, 10, 1234567890, 'Pendiente'),
(744, 3, 'john711@h.com', 'John 711', 'Doe', 123456, 10, 1234567890, 'Pendiente'),
(745, 1, 'john713@h.com', 'John 713', 'Doe', 123456, 10, 1234567890, 'Pendiente'),
(746, 4, 'john714@h.com', 'John 714', 'Doe', 123456, 10, 1234567890, 'Pendiente'),
(747, 3, 'john710@h.com', 'John 710', 'Doe', 123456, 10, 1234567890, 'Pendiente'),
(748, 3, 'john715@h.com', 'John 715', 'Doe', 123456, 10, 1234567890, 'Pendiente'),
(749, 5, 'john718@h.com', 'John 718', 'Doe', 123456, 10, 1234567890, 'Pendiente'),
(750, 3, 'john712@h.com', 'John 712', 'Doe', 123456, 10, 1234567890, 'Pendiente'),
(751, 2, 'john717@h.com', 'John 717', 'Doe', 123456, 10, 1234567890, 'Pendiente'),
(752, 3, 'john719@h.com', 'John 719', 'Doe', 123456, 10, 1234567890, 'Pendiente'),
(753, 1, 'john720@h.com', 'John 720', 'Doe', 123456, 10, 1234567890, 'Pendiente'),
(754, 1, 'john721@h.com', 'John 721', 'Doe', 123456, 10, 1234567890, 'Pendiente'),
(755, 1, 'john722@h.com', 'John 722', 'Doe', 123456, 10, 1234567890, 'Pendiente'),
(756, 1, 'john726@h.com', 'John 726', 'Doe', 123456, 10, 1234567890, 'Pendiente'),
(757, 5, 'john723@h.com', 'John 723', 'Doe', 123456, 10, 1234567890, 'Pendiente'),
(758, 2, 'john724@h.com', 'John 724', 'Doe', 123456, 10, 1234567890, 'Pendiente'),
(759, 2, 'john727@h.com', 'John 727', 'Doe', 123456, 10, 1234567890, 'Pendiente'),
(760, 2, 'john725@h.com', 'John 725', 'Doe', 123456, 10, 1234567890, 'Pendiente'),
(761, 2, 'john730@h.com', 'John 730', 'Doe', 123456, 10, 1234567890, 'Pendiente'),
(762, 2, 'john733@h.com', 'John 733', 'Doe', 123456, 10, 1234567890, 'Pendiente'),
(763, 2, 'john732@h.com', 'John 732', 'Doe', 123456, 10, 1234567890, 'Pendiente'),
(764, 4, 'john734@h.com', 'John 734', 'Doe', 123456, 10, 1234567890, 'Pendiente'),
(765, 1, 'john728@h.com', 'John 728', 'Doe', 123456, 10, 1234567890, 'Pendiente'),
(766, 3, 'john731@h.com', 'John 731', 'Doe', 123456, 10, 1234567890, 'Pendiente'),
(767, 4, 'john729@h.com', 'John 729', 'Doe', 123456, 10, 1234567890, 'Pendiente'),
(768, 5, 'john736@h.com', 'John 736', 'Doe', 123456, 10, 1234567890, 'Pendiente'),
(769, 1, 'john735@h.com', 'John 735', 'Doe', 123456, 10, 1234567890, 'Pendiente'),
(770, 2, 'john740@h.com', 'John 740', 'Doe', 123456, 10, 1234567890, 'Pendiente'),
(771, 2, 'john737@h.com', 'John 737', 'Doe', 123456, 10, 1234567890, 'Pendiente'),
(772, 3, 'john738@h.com', 'John 738', 'Doe', 123456, 10, 1234567890, 'Pendiente'),
(773, 2, 'john742@h.com', 'John 742', 'Doe', 123456, 10, 1234567890, 'Pendiente'),
(774, 5, 'john739@h.com', 'John 739', 'Doe', 123456, 10, 1234567890, 'Pendiente'),
(775, 2, 'john741@h.com', 'John 741', 'Doe', 123456, 10, 1234567890, 'Pendiente'),
(776, 3, 'john743@h.com', 'John 743', 'Doe', 123456, 10, 1234567890, 'Pendiente'),
(777, 3, 'john746@h.com', 'John 746', 'Doe', 123456, 10, 1234567890, 'Pendiente'),
(778, 4, 'john745@h.com', 'John 745', 'Doe', 123456, 10, 1234567890, 'Pendiente'),
(779, 3, 'john747@h.com', 'John 747', 'Doe', 123456, 10, 1234567890, 'Pendiente'),
(780, 1, 'john744@h.com', 'John 744', 'Doe', 123456, 10, 1234567890, 'Pendiente'),
(781, 1, 'john748@h.com', 'John 748', 'Doe', 123456, 10, 1234567890, 'Pendiente'),
(782, 2, 'john752@h.com', 'John 752', 'Doe', 123456, 10, 1234567890, 'Pendiente'),
(783, 2, 'john751@h.com', 'John 751', 'Doe', 123456, 10, 1234567890, 'Pendiente'),
(784, 4, 'john749@h.com', 'John 749', 'Doe', 123456, 10, 1234567890, 'Pendiente'),
(785, 1, 'john753@h.com', 'John 753', 'Doe', 123456, 10, 1234567890, 'Pendiente'),
(786, 5, 'john750@h.com', 'John 750', 'Doe', 123456, 10, 1234567890, 'Pendiente'),
(787, 1, 'john754@h.com', 'John 754', 'Doe', 123456, 10, 1234567890, 'Pendiente'),
(788, 3, 'john757@h.com', 'John 757', 'Doe', 123456, 10, 1234567890, 'Pendiente'),
(789, 3, 'john755@h.com', 'John 755', 'Doe', 123456, 10, 1234567890, 'Pendiente'),
(790, 2, 'john762@h.com', 'John 762', 'Doe', 123456, 10, 1234567890, 'Pendiente'),
(791, 1, 'john760@h.com', 'John 760', 'Doe', 123456, 10, 1234567890, 'Pendiente'),
(792, 2, 'john756@h.com', 'John 756', 'Doe', 123456, 10, 1234567890, 'Pendiente'),
(793, 4, 'john758@h.com', 'John 758', 'Doe', 123456, 10, 1234567890, 'Pendiente'),
(794, 3, 'john761@h.com', 'John 761', 'Doe', 123456, 10, 1234567890, 'Pendiente'),
(795, 4, 'john759@h.com', 'John 759', 'Doe', 123456, 10, 1234567890, 'Pendiente'),
(796, 4, 'john764@h.com', 'John 764', 'Doe', 123456, 10, 1234567890, 'Pendiente'),
(797, 4, 'john763@h.com', 'John 763', 'Doe', 123456, 10, 1234567890, 'Pendiente'),
(798, 3, 'john767@h.com', 'John 767', 'Doe', 123456, 10, 1234567890, 'Pendiente'),
(799, 4, 'john769@h.com', 'John 769', 'Doe', 123456, 10, 1234567890, 'Pendiente'),
(800, 4, 'john768@h.com', 'John 768', 'Doe', 123456, 10, 1234567890, 'Pendiente'),
(801, 3, 'john765@h.com', 'John 765', 'Doe', 123456, 10, 1234567890, 'Pendiente'),
(802, 4, 'john772@h.com', 'John 772', 'Doe', 123456, 10, 1234567890, 'Pendiente'),
(803, 4, 'john776@h.com', 'John 776', 'Doe', 123456, 10, 1234567890, 'Pendiente'),
(804, 2, 'john773@h.com', 'John 773', 'Doe', 123456, 10, 1234567890, 'Pendiente'),
(805, 3, 'john766@h.com', 'John 766', 'Doe', 123456, 10, 1234567890, 'Pendiente'),
(806, 2, 'john771@h.com', 'John 771', 'Doe', 123456, 10, 1234567890, 'Pendiente'),
(807, 1, 'john770@h.com', 'John 770', 'Doe', 123456, 10, 1234567890, 'Pendiente'),
(808, 4, 'john778@h.com', 'John 778', 'Doe', 123456, 10, 1234567890, 'Pendiente'),
(809, 5, 'john775@h.com', 'John 775', 'Doe', 123456, 10, 1234567890, 'Pendiente'),
(810, 5, 'john777@h.com', 'John 777', 'Doe', 123456, 10, 1234567890, 'Pendiente'),
(811, 5, 'john780@h.com', 'John 780', 'Doe', 123456, 10, 1234567890, 'Pendiente'),
(812, 1, 'john774@h.com', 'John 774', 'Doe', 123456, 10, 1234567890, 'Pendiente'),
(813, 5, 'john779@h.com', 'John 779', 'Doe', 123456, 10, 1234567890, 'Pendiente'),
(814, 2, 'john781@h.com', 'John 781', 'Doe', 123456, 10, 1234567890, 'Pendiente'),
(815, 2, 'john787@h.com', 'John 787', 'Doe', 123456, 10, 1234567890, 'Pendiente'),
(816, 5, 'john782@h.com', 'John 782', 'Doe', 123456, 10, 1234567890, 'Pendiente'),
(817, 1, 'john785@h.com', 'John 785', 'Doe', 123456, 10, 1234567890, 'Pendiente'),
(818, 4, 'john784@h.com', 'John 784', 'Doe', 123456, 10, 1234567890, 'Pendiente'),
(819, 5, 'john783@h.com', 'John 783', 'Doe', 123456, 10, 1234567890, 'Pendiente'),
(820, 5, 'john788@h.com', 'John 788', 'Doe', 123456, 10, 1234567890, 'Pendiente'),
(821, 4, 'john786@h.com', 'John 786', 'Doe', 123456, 10, 1234567890, 'Pendiente'),
(822, 5, 'john791@h.com', 'John 791', 'Doe', 123456, 10, 1234567890, 'Pendiente'),
(823, 2, 'john790@h.com', 'John 790', 'Doe', 123456, 10, 1234567890, 'Pendiente'),
(824, 3, 'john793@h.com', 'John 793', 'Doe', 123456, 10, 1234567890, 'Pendiente'),
(825, 5, 'john794@h.com', 'John 794', 'Doe', 123456, 10, 1234567890, 'Pendiente'),
(826, 4, 'john796@h.com', 'John 796', 'Doe', 123456, 10, 1234567890, 'Pendiente'),
(827, 2, 'john792@h.com', 'John 792', 'Doe', 123456, 10, 1234567890, 'Pendiente'),
(828, 4, 'john797@h.com', 'John 797', 'Doe', 123456, 10, 1234567890, 'Pendiente'),
(829, 1, 'john789@h.com', 'John 789', 'Doe', 123456, 10, 1234567890, 'Pendiente'),
(830, 5, 'john798@h.com', 'John 798', 'Doe', 123456, 10, 1234567890, 'Pendiente'),
(831, 5, 'john795@h.com', 'John 795', 'Doe', 123456, 10, 1234567890, 'Pendiente'),
(832, 5, 'john799@h.com', 'John 799', 'Doe', 123456, 10, 1234567890, 'Pendiente'),
(833, 4, 'john806@h.com', 'John 806', 'Doe', 123456, 10, 1234567890, 'Pendiente'),
(834, 4, 'john802@h.com', 'John 802', 'Doe', 123456, 10, 1234567890, 'Pendiente'),
(835, 5, 'john803@h.com', 'John 803', 'Doe', 123456, 10, 1234567890, 'Pendiente'),
(836, 2, 'john800@h.com', 'John 800', 'Doe', 123456, 10, 1234567890, 'Pendiente'),
(837, 3, 'john801@h.com', 'John 801', 'Doe', 123456, 10, 1234567890, 'Pendiente'),
(838, 3, 'john808@h.com', 'John 808', 'Doe', 123456, 10, 1234567890, 'Pendiente'),
(839, 4, 'john805@h.com', 'John 805', 'Doe', 123456, 10, 1234567890, 'Pendiente'),
(840, 4, 'john811@h.com', 'John 811', 'Doe', 123456, 10, 1234567890, 'Pendiente'),
(841, 2, 'john809@h.com', 'John 809', 'Doe', 123456, 10, 1234567890, 'Pendiente'),
(842, 5, 'john807@h.com', 'John 807', 'Doe', 123456, 10, 1234567890, 'Pendiente'),
(843, 3, 'john804@h.com', 'John 804', 'Doe', 123456, 10, 1234567890, 'Pendiente'),
(844, 5, 'john810@h.com', 'John 810', 'Doe', 123456, 10, 1234567890, 'Pendiente'),
(845, 3, 'john816@h.com', 'John 816', 'Doe', 123456, 10, 1234567890, 'Pendiente'),
(846, 1, 'john815@h.com', 'John 815', 'Doe', 123456, 10, 1234567890, 'Pendiente'),
(847, 3, 'john812@h.com', 'John 812', 'Doe', 123456, 10, 1234567890, 'Pendiente'),
(848, 5, 'john814@h.com', 'John 814', 'Doe', 123456, 10, 1234567890, 'Pendiente'),
(849, 3, 'john813@h.com', 'John 813', 'Doe', 123456, 10, 1234567890, 'Pendiente'),
(850, 2, 'john821@h.com', 'John 821', 'Doe', 123456, 10, 1234567890, 'Pendiente'),
(851, 5, 'john817@h.com', 'John 817', 'Doe', 123456, 10, 1234567890, 'Pendiente'),
(852, 2, 'john819@h.com', 'John 819', 'Doe', 123456, 10, 1234567890, 'Pendiente'),
(853, 2, 'john818@h.com', 'John 818', 'Doe', 123456, 10, 1234567890, 'Pendiente'),
(854, 5, 'john820@h.com', 'John 820', 'Doe', 123456, 10, 1234567890, 'Pendiente'),
(855, 4, 'john822@h.com', 'John 822', 'Doe', 123456, 10, 1234567890, 'Pendiente'),
(856, 5, 'john824@h.com', 'John 824', 'Doe', 123456, 10, 1234567890, 'Pendiente'),
(857, 5, 'john823@h.com', 'John 823', 'Doe', 123456, 10, 1234567890, 'Pendiente'),
(858, 3, 'john825@h.com', 'John 825', 'Doe', 123456, 10, 1234567890, 'Pendiente'),
(859, 2, 'john828@h.com', 'John 828', 'Doe', 123456, 10, 1234567890, 'Pendiente'),
(860, 3, 'john827@h.com', 'John 827', 'Doe', 123456, 10, 1234567890, 'Pendiente'),
(861, 5, 'john826@h.com', 'John 826', 'Doe', 123456, 10, 1234567890, 'Pendiente'),
(862, 1, 'john830@h.com', 'John 830', 'Doe', 123456, 10, 1234567890, 'Pendiente'),
(863, 4, 'john829@h.com', 'John 829', 'Doe', 123456, 10, 1234567890, 'Pendiente'),
(864, 2, 'john834@h.com', 'John 834', 'Doe', 123456, 10, 1234567890, 'Pendiente'),
(865, 4, 'john831@h.com', 'John 831', 'Doe', 123456, 10, 1234567890, 'Pendiente'),
(866, 4, 'john833@h.com', 'John 833', 'Doe', 123456, 10, 1234567890, 'Pendiente'),
(867, 3, 'john832@h.com', 'John 832', 'Doe', 123456, 10, 1234567890, 'Pendiente'),
(868, 4, 'john835@h.com', 'John 835', 'Doe', 123456, 10, 1234567890, 'Pendiente'),
(869, 1, 'john836@h.com', 'John 836', 'Doe', 123456, 10, 1234567890, 'Pendiente'),
(870, 5, 'john838@h.com', 'John 838', 'Doe', 123456, 10, 1234567890, 'Pendiente'),
(871, 3, 'john840@h.com', 'John 840', 'Doe', 123456, 10, 1234567890, 'Pendiente'),
(872, 3, 'john837@h.com', 'John 837', 'Doe', 123456, 10, 1234567890, 'Pendiente'),
(873, 5, 'john839@h.com', 'John 839', 'Doe', 123456, 10, 1234567890, 'Pendiente'),
(874, 2, 'john841@h.com', 'John 841', 'Doe', 123456, 10, 1234567890, 'Pendiente'),
(875, 1, 'john842@h.com', 'John 842', 'Doe', 123456, 10, 1234567890, 'Pendiente'),
(876, 5, 'john846@h.com', 'John 846', 'Doe', 123456, 10, 1234567890, 'Pendiente'),
(877, 3, 'john845@h.com', 'John 845', 'Doe', 123456, 10, 1234567890, 'Pendiente'),
(878, 1, 'john848@h.com', 'John 848', 'Doe', 123456, 10, 1234567890, 'Pendiente'),
(879, 3, 'john847@h.com', 'John 847', 'Doe', 123456, 10, 1234567890, 'Pendiente'),
(880, 1, 'john844@h.com', 'John 844', 'Doe', 123456, 10, 1234567890, 'Pendiente'),
(881, 3, 'john854@h.com', 'John 854', 'Doe', 123456, 10, 1234567890, 'Pendiente'),
(882, 2, 'john850@h.com', 'John 850', 'Doe', 123456, 10, 1234567890, 'Pendiente'),
(883, 1, 'john843@h.com', 'John 843', 'Doe', 123456, 10, 1234567890, 'Pendiente'),
(884, 3, 'john851@h.com', 'John 851', 'Doe', 123456, 10, 1234567890, 'Pendiente'),
(885, 1, 'john852@h.com', 'John 852', 'Doe', 123456, 10, 1234567890, 'Pendiente'),
(886, 5, 'john856@h.com', 'John 856', 'Doe', 123456, 10, 1234567890, 'Pendiente'),
(887, 1, 'john853@h.com', 'John 853', 'Doe', 123456, 10, 1234567890, 'Pendiente'),
(888, 3, 'john858@h.com', 'John 858', 'Doe', 123456, 10, 1234567890, 'Pendiente'),
(889, 1, 'john849@h.com', 'John 849', 'Doe', 123456, 10, 1234567890, 'Pendiente'),
(890, 5, 'john855@h.com', 'John 855', 'Doe', 123456, 10, 1234567890, 'Pendiente'),
(891, 5, 'john857@h.com', 'John 857', 'Doe', 123456, 10, 1234567890, 'Pendiente'),
(892, 5, 'john863@h.com', 'John 863', 'Doe', 123456, 10, 1234567890, 'Pendiente'),
(893, 5, 'john859@h.com', 'John 859', 'Doe', 123456, 10, 1234567890, 'Pendiente'),
(894, 1, 'john860@h.com', 'John 860', 'Doe', 123456, 10, 1234567890, 'Pendiente'),
(895, 4, 'john861@h.com', 'John 861', 'Doe', 123456, 10, 1234567890, 'Pendiente'),
(896, 5, 'john862@h.com', 'John 862', 'Doe', 123456, 10, 1234567890, 'Pendiente'),
(897, 2, 'john864@h.com', 'John 864', 'Doe', 123456, 10, 1234567890, 'Pendiente'),
(898, 4, 'john866@h.com', 'John 866', 'Doe', 123456, 10, 1234567890, 'Pendiente'),
(899, 3, 'john868@h.com', 'John 868', 'Doe', 123456, 10, 1234567890, 'Pendiente'),
(900, 3, 'john865@h.com', 'John 865', 'Doe', 123456, 10, 1234567890, 'Pendiente'),
(901, 1, 'john870@h.com', 'John 870', 'Doe', 123456, 10, 1234567890, 'Pendiente'),
(902, 5, 'john869@h.com', 'John 869', 'Doe', 123456, 10, 1234567890, 'Pendiente'),
(903, 4, 'john867@h.com', 'John 867', 'Doe', 123456, 10, 1234567890, 'Pendiente'),
(904, 2, 'john878@h.com', 'John 878', 'Doe', 123456, 10, 1234567890, 'Pendiente'),
(905, 2, 'john874@h.com', 'John 874', 'Doe', 123456, 10, 1234567890, 'Pendiente'),
(906, 4, 'john873@h.com', 'John 873', 'Doe', 123456, 10, 1234567890, 'Pendiente'),
(907, 2, 'john875@h.com', 'John 875', 'Doe', 123456, 10, 1234567890, 'Pendiente'),
(908, 1, 'john872@h.com', 'John 872', 'Doe', 123456, 10, 1234567890, 'Pendiente'),
(909, 1, 'john871@h.com', 'John 871', 'Doe', 123456, 10, 1234567890, 'Pendiente'),
(910, 3, 'john876@h.com', 'John 876', 'Doe', 123456, 10, 1234567890, 'Pendiente'),
(911, 4, 'john879@h.com', 'John 879', 'Doe', 123456, 10, 1234567890, 'Pendiente'),
(912, 4, 'john877@h.com', 'John 877', 'Doe', 123456, 10, 1234567890, 'Pendiente'),
(913, 2, 'john881@h.com', 'John 881', 'Doe', 123456, 10, 1234567890, 'Pendiente'),
(914, 1, 'john880@h.com', 'John 880', 'Doe', 123456, 10, 1234567890, 'Pendiente'),
(915, 1, 'john884@h.com', 'John 884', 'Doe', 123456, 10, 1234567890, 'Pendiente'),
(916, 5, 'john885@h.com', 'John 885', 'Doe', 123456, 10, 1234567890, 'Pendiente'),
(917, 1, 'john882@h.com', 'John 882', 'Doe', 123456, 10, 1234567890, 'Pendiente'),
(918, 5, 'john883@h.com', 'John 883', 'Doe', 123456, 10, 1234567890, 'Pendiente'),
(919, 5, 'john889@h.com', 'John 889', 'Doe', 123456, 10, 1234567890, 'Pendiente'),
(920, 2, 'john886@h.com', 'John 886', 'Doe', 123456, 10, 1234567890, 'Pendiente'),
(921, 2, 'john888@h.com', 'John 888', 'Doe', 123456, 10, 1234567890, 'Pendiente'),
(922, 1, 'john890@h.com', 'John 890', 'Doe', 123456, 10, 1234567890, 'Pendiente'),
(923, 4, 'john887@h.com', 'John 887', 'Doe', 123456, 10, 1234567890, 'Pendiente'),
(924, 3, 'john894@h.com', 'John 894', 'Doe', 123456, 10, 1234567890, 'Pendiente'),
(925, 1, 'john896@h.com', 'John 896', 'Doe', 123456, 10, 1234567890, 'Pendiente'),
(926, 4, 'john891@h.com', 'John 891', 'Doe', 123456, 10, 1234567890, 'Pendiente'),
(927, 1, 'john893@h.com', 'John 893', 'Doe', 123456, 10, 1234567890, 'Pendiente'),
(928, 4, 'john892@h.com', 'John 892', 'Doe', 123456, 10, 1234567890, 'Pendiente'),
(929, 1, 'john897@h.com', 'John 897', 'Doe', 123456, 10, 1234567890, 'Pendiente'),
(930, 5, 'john895@h.com', 'John 895', 'Doe', 123456, 10, 1234567890, 'Pendiente'),
(931, 4, 'john898@h.com', 'John 898', 'Doe', 123456, 10, 1234567890, 'Pendiente'),
(932, 3, 'john901@h.com', 'John 901', 'Doe', 123456, 10, 1234567890, 'Pendiente'),
(933, 3, 'john902@h.com', 'John 902', 'Doe', 123456, 10, 1234567890, 'Pendiente'),
(934, 4, 'john903@h.com', 'John 903', 'Doe', 123456, 10, 1234567890, 'Pendiente'),
(935, 3, 'john899@h.com', 'John 899', 'Doe', 123456, 10, 1234567890, 'Pendiente'),
(936, 3, 'john900@h.com', 'John 900', 'Doe', 123456, 10, 1234567890, 'Pendiente'),
(937, 2, 'john907@h.com', 'John 907', 'Doe', 123456, 10, 1234567890, 'Pendiente'),
(938, 1, 'john905@h.com', 'John 905', 'Doe', 123456, 10, 1234567890, 'Pendiente'),
(939, 3, 'john906@h.com', 'John 906', 'Doe', 123456, 10, 1234567890, 'Pendiente'),
(940, 4, 'john904@h.com', 'John 904', 'Doe', 123456, 10, 1234567890, 'Pendiente'),
(941, 2, 'john909@h.com', 'John 909', 'Doe', 123456, 10, 1234567890, 'Pendiente'),
(942, 3, 'john908@h.com', 'John 908', 'Doe', 123456, 10, 1234567890, 'Pendiente'),
(943, 1, 'john910@h.com', 'John 910', 'Doe', 123456, 10, 1234567890, 'Pendiente'),
(944, 4, 'john911@h.com', 'John 911', 'Doe', 123456, 10, 1234567890, 'Pendiente'),
(945, 5, 'john914@h.com', 'John 914', 'Doe', 123456, 10, 1234567890, 'Pendiente'),
(946, 5, 'john920@h.com', 'John 920', 'Doe', 123456, 10, 1234567890, 'Pendiente'),
(947, 5, 'john912@h.com', 'John 912', 'Doe', 123456, 10, 1234567890, 'Pendiente'),
(948, 3, 'john916@h.com', 'John 916', 'Doe', 123456, 10, 1234567890, 'Pendiente'),
(949, 2, 'john913@h.com', 'John 913', 'Doe', 123456, 10, 1234567890, 'Pendiente'),
(950, 2, 'john917@h.com', 'John 917', 'Doe', 123456, 10, 1234567890, 'Pendiente'),
(951, 2, 'john918@h.com', 'John 918', 'Doe', 123456, 10, 1234567890, 'Pendiente'),
(952, 3, 'john921@h.com', 'John 921', 'Doe', 123456, 10, 1234567890, 'Pendiente'),
(953, 4, 'john919@h.com', 'John 919', 'Doe', 123456, 10, 1234567890, 'Pendiente'),
(954, 1, 'john915@h.com', 'John 915', 'Doe', 123456, 10, 1234567890, 'Pendiente'),
(955, 4, 'john923@h.com', 'John 923', 'Doe', 123456, 10, 1234567890, 'Pendiente'),
(956, 2, 'john926@h.com', 'John 926', 'Doe', 123456, 10, 1234567890, 'Pendiente'),
(957, 3, 'john922@h.com', 'John 922', 'Doe', 123456, 10, 1234567890, 'Pendiente'),
(958, 3, 'john924@h.com', 'John 924', 'Doe', 123456, 10, 1234567890, 'Pendiente'),
(959, 1, 'john930@h.com', 'John 930', 'Doe', 123456, 10, 1234567890, 'Pendiente'),
(960, 4, 'john927@h.com', 'John 927', 'Doe', 123456, 10, 1234567890, 'Pendiente'),
(961, 3, 'john925@h.com', 'John 925', 'Doe', 123456, 10, 1234567890, 'Pendiente'),
(962, 2, 'john932@h.com', 'John 932', 'Doe', 123456, 10, 1234567890, 'Pendiente'),
(963, 4, 'john928@h.com', 'John 928', 'Doe', 123456, 10, 1234567890, 'Pendiente'),
(964, 5, 'john936@h.com', 'John 936', 'Doe', 123456, 10, 1234567890, 'Pendiente'),
(965, 4, 'john931@h.com', 'John 931', 'Doe', 123456, 10, 1234567890, 'Pendiente'),
(966, 3, 'john929@h.com', 'John 929', 'Doe', 123456, 10, 1234567890, 'Pendiente'),
(967, 2, 'john933@h.com', 'John 933', 'Doe', 123456, 10, 1234567890, 'Pendiente'),
(968, 5, 'john935@h.com', 'John 935', 'Doe', 123456, 10, 1234567890, 'Pendiente'),
(969, 5, 'john934@h.com', 'John 934', 'Doe', 123456, 10, 1234567890, 'Pendiente'),
(970, 5, 'john938@h.com', 'John 938', 'Doe', 123456, 10, 1234567890, 'Pendiente'),
(971, 2, 'john937@h.com', 'John 937', 'Doe', 123456, 10, 1234567890, 'Pendiente'),
(972, 2, 'john943@h.com', 'John 943', 'Doe', 123456, 10, 1234567890, 'Pendiente'),
(973, 2, 'john944@h.com', 'John 944', 'Doe', 123456, 10, 1234567890, 'Pendiente'),
(974, 3, 'john942@h.com', 'John 942', 'Doe', 123456, 10, 1234567890, 'Pendiente'),
(975, 1, 'john940@h.com', 'John 940', 'Doe', 123456, 10, 1234567890, 'Pendiente'),
(976, 5, 'john939@h.com', 'John 939', 'Doe', 123456, 10, 1234567890, 'Pendiente'),
(977, 4, 'john941@h.com', 'John 941', 'Doe', 123456, 10, 1234567890, 'Pendiente'),
(978, 2, 'john945@h.com', 'John 945', 'Doe', 123456, 10, 1234567890, 'Pendiente'),
(979, 3, 'john949@h.com', 'John 949', 'Doe', 123456, 10, 1234567890, 'Pendiente'),
(980, 3, 'john946@h.com', 'John 946', 'Doe', 123456, 10, 1234567890, 'Pendiente'),
(981, 2, 'john948@h.com', 'John 948', 'Doe', 123456, 10, 1234567890, 'Pendiente'),
(982, 3, 'john951@h.com', 'John 951', 'Doe', 123456, 10, 1234567890, 'Pendiente'),
(983, 4, 'john954@h.com', 'John 954', 'Doe', 123456, 10, 1234567890, 'Pendiente'),
(984, 4, 'john950@h.com', 'John 950', 'Doe', 123456, 10, 1234567890, 'Pendiente'),
(985, 1, 'john947@h.com', 'John 947', 'Doe', 123456, 10, 1234567890, 'Pendiente'),
(986, 5, 'john953@h.com', 'John 953', 'Doe', 123456, 10, 1234567890, 'Pendiente'),
(987, 2, 'john952@h.com', 'John 952', 'Doe', 123456, 10, 1234567890, 'Pendiente'),
(988, 2, 'john956@h.com', 'John 956', 'Doe', 123456, 10, 1234567890, 'Pendiente'),
(989, 2, 'john959@h.com', 'John 959', 'Doe', 123456, 10, 1234567890, 'Pendiente'),
(990, 5, 'john955@h.com', 'John 955', 'Doe', 123456, 10, 1234567890, 'Pendiente'),
(991, 2, 'john960@h.com', 'John 960', 'Doe', 123456, 10, 1234567890, 'Pendiente'),
(992, 5, 'john958@h.com', 'John 958', 'Doe', 123456, 10, 1234567890, 'Pendiente'),
(993, 1, 'john957@h.com', 'John 957', 'Doe', 123456, 10, 1234567890, 'Pendiente'),
(994, 2, 'john964@h.com', 'John 964', 'Doe', 123456, 10, 1234567890, 'Pendiente'),
(995, 1, 'john961@h.com', 'John 961', 'Doe', 123456, 10, 1234567890, 'Pendiente'),
(996, 3, 'john962@h.com', 'John 962', 'Doe', 123456, 10, 1234567890, 'Pendiente'),
(997, 4, 'john963@h.com', 'John 963', 'Doe', 123456, 10, 1234567890, 'Pendiente'),
(998, 4, 'john965@h.com', 'John 965', 'Doe', 123456, 10, 1234567890, 'Pendiente'),
(999, 4, 'john966@h.com', 'John 966', 'Doe', 123456, 10, 1234567890, 'Pendiente'),
(1000, 4, 'john968@h.com', 'John 968', 'Doe', 123456, 10, 1234567890, 'Pendiente'),
(1001, 1, 'john967@h.com', 'John 967', 'Doe', 123456, 10, 1234567890, 'Pendiente'),
(1002, 4, 'john969@h.com', 'John 969', 'Doe', 123456, 10, 1234567890, 'Pendiente'),
(1003, 3, 'john971@h.com', 'John 971', 'Doe', 123456, 10, 1234567890, 'Pendiente'),
(1004, 5, 'john972@h.com', 'John 972', 'Doe', 123456, 10, 1234567890, 'Pendiente'),
(1005, 4, 'john970@h.com', 'John 970', 'Doe', 123456, 10, 1234567890, 'Pendiente'),
(1006, 5, 'john973@h.com', 'John 973', 'Doe', 123456, 10, 1234567890, 'Pendiente'),
(1007, 1, 'john975@h.com', 'John 975', 'Doe', 123456, 10, 1234567890, 'Pendiente'),
(1008, 2, 'john977@h.com', 'John 977', 'Doe', 123456, 10, 1234567890, 'Pendiente'),
(1009, 2, 'john974@h.com', 'John 974', 'Doe', 123456, 10, 1234567890, 'Pendiente'),
(1010, 1, 'john976@h.com', 'John 976', 'Doe', 123456, 10, 1234567890, 'Pendiente'),
(1011, 3, 'john978@h.com', 'John 978', 'Doe', 123456, 10, 1234567890, 'Pendiente'),
(1012, 2, 'john979@h.com', 'John 979', 'Doe', 123456, 10, 1234567890, 'Pendiente'),
(1013, 5, 'john980@h.com', 'John 980', 'Doe', 123456, 10, 1234567890, 'Pendiente'),
(1014, 5, 'john981@h.com', 'John 981', 'Doe', 123456, 10, 1234567890, 'Pendiente'),
(1015, 1, 'john982@h.com', 'John 982', 'Doe', 123456, 10, 1234567890, 'Pendiente'),
(1016, 5, 'john984@h.com', 'John 984', 'Doe', 123456, 10, 1234567890, 'Pendiente'),
(1017, 4, 'john983@h.com', 'John 983', 'Doe', 123456, 10, 1234567890, 'Pendiente'),
(1018, 3, 'john986@h.com', 'John 986', 'Doe', 123456, 10, 1234567890, 'Pendiente'),
(1019, 2, 'john987@h.com', 'John 987', 'Doe', 123456, 10, 1234567890, 'Pendiente'),
(1020, 5, 'john988@h.com', 'John 988', 'Doe', 123456, 10, 1234567890, 'Pendiente'),
(1021, 1, 'john990@h.com', 'John 990', 'Doe', 123456, 10, 1234567890, 'Pendiente'),
(1022, 4, 'john989@h.com', 'John 989', 'Doe', 123456, 10, 1234567890, 'Pendiente'),
(1023, 5, 'john985@h.com', 'John 985', 'Doe', 123456, 10, 1234567890, 'Pendiente'),
(1024, 4, 'john992@h.com', 'John 992', 'Doe', 123456, 10, 1234567890, 'Pendiente'),
(1025, 4, 'john993@h.com', 'John 993', 'Doe', 123456, 10, 1234567890, 'Pendiente'),
(1026, 3, 'john991@h.com', 'John 991', 'Doe', 123456, 10, 1234567890, 'Pendiente'),
(1027, 1, 'john994@h.com', 'John 994', 'Doe', 123456, 10, 1234567890, 'Pendiente'),
(1028, 4, 'john998@h.com', 'John 998', 'Doe', 123456, 10, 1234567890, 'Pendiente'),
(1029, 3, 'john996@h.com', 'John 996', 'Doe', 123456, 10, 1234567890, 'Pendiente'),
(1030, 1, 'john995@h.com', 'John 995', 'Doe', 123456, 10, 1234567890, 'Pendiente'),
(1031, 5, 'john997@h.com', 'John 997', 'Doe', 123456, 10, 1234567890, 'Pendiente'),
(1032, 4, 'john999@h.com', 'John 999', 'Doe', 123456, 10, 1234567890, 'Pendiente'),
(1033, 5, 'john1000@h.com', 'John 1000', 'Doe', 123456, 10, 1234567890, 'Pendiente');

--
-- Triggers `estudiante`
--
DELIMITER $$
CREATE TRIGGER `eliminar_usuario` BEFORE DELETE ON `estudiante` FOR EACH ROW BEGIN
delete from usuario 
where usuario= old.correo;
END
$$
DELIMITER ;
DELIMITER $$
CREATE TRIGGER `estudiante_BEFORE_UPDATE` BEFORE UPDATE ON `estudiante` FOR EACH ROW BEGIN
update usuario set usuario= new.correo
where usuario=old.correo;
END
$$
DELIMITER ;

-- --------------------------------------------------------

--
-- Table structure for table `lista_documentos`
--

CREATE TABLE `lista_documentos` (
  `id` int(11) NOT NULL,
  `nombre_documento` varchar(50) NOT NULL
) ENGINE=InnoDB DEFAULT CHARSET=utf8;

--
-- Dumping data for table `lista_documentos`
--

INSERT INTO `lista_documentos` (`id`, `nombre_documento`) VALUES
(1, 'Documento de identidad'),
(2, 'Certificados escolares'),
(3, 'Certificado de salud');

-- --------------------------------------------------------

--
-- Table structure for table `matricula`
--

CREATE TABLE `matricula` (
  `id` int(11) NOT NULL,
  `id_estudiante` int(11) NOT NULL,
  `informacion` longtext NOT NULL,
  `fecha_vinculacion` datetime DEFAULT NULL,
  `fecha_desvinculacion` datetime DEFAULT NULL
) ENGINE=InnoDB DEFAULT CHARSET=utf8;

-- --------------------------------------------------------

--
-- Table structure for table `rol`
--

CREATE TABLE `rol` (
  `id` int(11) NOT NULL,
  `Rol` varchar(45) NOT NULL
) ENGINE=InnoDB DEFAULT CHARSET=utf8;

--
-- Dumping data for table `rol`
--

INSERT INTO `rol` (`id`, `Rol`) VALUES
(1, 'administrador'),
(2, 'estudiante');

-- --------------------------------------------------------

--
-- Table structure for table `usuario`
--

CREATE TABLE `usuario` (
  `id` int(11) NOT NULL,
  `usuario` varchar(50) NOT NULL,
  `password` varchar(100) NOT NULL DEFAULT '123456789',
  `id_rol` int(11) NOT NULL DEFAULT 2,
  `estado` int(11) DEFAULT NULL,
  `created_at` datetime DEFAULT NULL
) ENGINE=InnoDB DEFAULT CHARSET=utf8 KEY_BLOCK_SIZE=2;

--
-- Dumping data for table `usuario`
--

INSERT INTO `usuario` (`id`, `usuario`, `password`, `id_rol`, `estado`, `created_at`) VALUES
(27, 'pepe@h.co', '$2b$12$1trUMIUzRKNxls9NfC6UeO45ce9bDdQ3Or7aqzrhov7LVmb1bTAAW', 2, 1, '2023-02-12 19:10:14'),
(32, 'franco@h.co', '$2b$12$3A7xPHrKC0P2NGJuwz72v.PDtzHA32XJgLqQO72RUffOaEvBspfpy', 2, 1, '2023-02-27 16:41:42'),
(38, 'paco@h.co', '$2b$12$UBZ2JPEYs2AuXLQG9zpHJOGaigjZumUamXurkd9nJDw/ZVGRu0DdG', 2, 1, '2023-03-11 17:20:44'),
(52, '10guevarafm1102@gmail.com', '$2b$12$EJpf4xNvmmdL0ZEgaOAylOqpBgBj3ujkalhJ3y//KR2EwxXBnz65O', 1, 1, NULL),
(54, 'martica@h.co', '$2b$12$0CDepktZljfuUX2csmJDP.FY5yRRip9l5fKg04xFHlVjCr.UmzH0e', 2, 1, '2023-03-14 20:14:31'),
(55, 'tatiana@h.co', '$2b$12$QRboYZAI0M/1EgCdas8piulAhrwTyAjUWmMr3jTwim/8SZxV68hOO', 2, 1, '2023-03-15 10:08:22'),
(56, 'florez@g.co', '$2b$12$p1.tmV20s8Trv.ZPWRlVFO12j7IZtdTkjFr/WAzZBrKTpZNAlng/2', 2, 1, '2023-03-15 11:00:59'),
(59, 'john1@h.com', '$2b$12$yeIA3KcaifF/UowELtMzwuovNYZGIVNZEktzcwikC3tueRip4QII6', 2, 1, '2023-04-18 19:25:26'),
(60, 'john3@h.com', '$2b$12$LkfCbt2DIfme76E4NzqvneyjFhLOelWX3EaMaNkodLxy7bOBGe/oe', 2, 1, '2023-04-18 19:25:26'),
(61, 'john2@h.com', '$2b$12$Vxf4GmDZ/NmaCR1wWSZv5./BJcRhZljQVP/Mlya6N5Pv0V1kfdLtm', 2, 1, '2023-04-18 19:25:26'),
(62, 'john5@h.com', '$2b$12$RKlykHJxFCdkF1bexhjK.e8.pEtfjSwQ.nYvPTLfFuiapg7Tu4T5m', 2, 1, '2023-04-18 19:25:26'),
(63, 'john6@h.com', '$2b$12$a6Vi.6UJcUoRDvOw5Kmv9e2/umsjxrufPqb9V0A9XDlGy/1ytsxxy', 2, 1, '2023-04-18 19:25:26'),
(64, 'john4@h.com', '$2b$12$HGV727P7Jb4P3Yn9LCk1ku1XGI6hF59h/WCHg8ebLSb9qn/6yizwe', 2, 1, '2023-04-18 19:25:26'),
(65, 'john7@h.com', '$2b$12$KY42NPdlYAkxv.GbPH5GuOYi6JTN8ZJn605O2ouVInznHT49qMV66', 2, 1, '2023-04-18 19:25:26'),
(66, 'john8@h.com', '$2b$12$bmp1EbDZQSkgbX8.hMQ6ouBD39AmWaIc92ZuRRApSz4IKRCIkeNrK', 2, 1, '2023-04-18 19:25:26'),
(67, 'john9@h.com', '$2b$12$c.EyZMmx0EdB3Q2kePQ6kuWSoZq1yq.4JttN2GWxP6yTgmhhbIfJ6', 2, 1, '2023-04-18 19:25:26'),
(68, 'john10@h.com', '$2b$12$88CVCwQlzHCW61CXppvmnu6irTH1muntwe8HeCFG.q8TqAwFSE1eO', 2, 1, '2023-04-18 19:25:26'),
(69, 'john11@h.com', '$2b$12$5Y.Ifne8ne8jbi.Y5DGNi.03Kc7x7UQFDZ8qhHG9UkeE4xbm27N56', 2, 1, '2023-04-18 19:25:26'),
(70, 'john16@h.com', '$2b$12$3eUrvxjSJ.frmHsjYHtBieJFkx9HOLFfl/74u7lIO8votlkD2IegW', 2, 1, '2023-04-18 19:25:26'),
(71, 'john12@h.com', '$2b$12$1kNyX3T845Kt/K6fztDOU.YaK1Te0XqVYH.XCmQ5QSoZ9XQQ.bqJK', 2, 1, '2023-04-18 19:25:26'),
(72, 'john15@h.com', '$2b$12$yiiwYxaOEc6VCu6e98wCiOaZABjGbrDA3bZ09SuCsxj0GiZny91o6', 2, 1, '2023-04-18 19:25:26'),
(73, 'john14@h.com', '$2b$12$UCrMYpgw/vKYoLviRbFlc.nJgV5kTgv7riktBVgllm4/ed9UHt.D6', 2, 1, '2023-04-18 19:25:26'),
(74, 'john13@h.com', '$2b$12$tYTCs6OF.EAO554hig6IPOkAjyZFRIZN8O4B0MNJjmJsxUFgyFGqa', 2, 1, '2023-04-18 19:25:26'),
(75, 'john17@h.com', '$2b$12$37QstzMvzVgd36ea0kX.1.vQMQAumGZpMJhcIPVxTT11coE4FWswe', 2, 1, '2023-04-18 19:25:26'),
(76, 'john18@h.com', '$2b$12$TZalu5p6VrnlRnJ1R2zXOezQfanTWny0wtdU/ri4svov2z0eXRKke', 2, 1, '2023-04-18 19:25:26'),
(77, 'john21@h.com', '$2b$12$FPeyd9qdnyes.7SVwWfSzOnvGOEivlhGz1RWOmGMtOXHW9ZJlCn0y', 2, 1, '2023-04-18 19:25:26'),
(78, 'john19@h.com', '$2b$12$TDdDyhVvKyq8/5cUcrtU8OZ36MuXo3DpZvLANsQQkjZ1xbPVC8lEy', 2, 1, '2023-04-18 19:25:26'),
(79, 'john20@h.com', '$2b$12$PkiMgZ7AgoZn6TpU1oIITux6o7Sanbxo2cuSzqxRjYHJ6aZfHJN9i', 2, 1, '2023-04-18 19:25:26'),
(80, 'john22@h.com', '$2b$12$49R/gAWHrH56XvQ1CD3vmeidSMAD.FEGOqXauIt0fufAJVFzJm2om', 2, 1, '2023-04-18 19:25:26'),
(81, 'john23@h.com', '$2b$12$gfacfrzlXvijWFVEo2fNFOjY1.1LMdHkNF1wyZFhgWHoBNzpEjw/K', 2, 1, '2023-04-18 19:25:26'),
(82, 'john24@h.com', '$2b$12$hLCzRhEjimxxHiY.MtXS8uBVNvl5DziZCQK8bKeZ9LlPIVfKW.qIa', 2, 1, '2023-04-18 19:25:26'),
(83, 'john26@h.com', '$2b$12$mx7CCEEue120ksisjVQgZeS/bZuUATxYVtCalEvjZKdWRoz775C4K', 2, 1, '2023-04-18 19:25:26'),
(84, 'john25@h.com', '$2b$12$38JezIjBKQuVeJjGA.7/mOGUcsLdLlhwY3ge7V1/MRgeM9bJ.cv0y', 2, 1, '2023-04-18 19:25:26'),
(85, 'john28@h.com', '$2b$12$5M8GCZeMskw.WXD8PYyTj.Lafd2shEc40UveLKv0K786UVxtDUuLa', 2, 1, '2023-04-18 19:25:26'),
(86, 'john27@h.com', '$2b$12$KDQ3lNR6xBFcfakWBF3bo.HIpqWilE65ECJVyrEyjME3YcAjUEX/u', 2, 1, '2023-04-18 19:25:26'),
(87, 'john29@h.com', '$2b$12$EdJPz4ZlIVjNZJ/mV4RinO1tRbcixTMHCzbbhzA/WNqblNewRqiEi', 2, 1, '2023-04-18 19:25:26'),
(88, 'john30@h.com', '$2b$12$eCyXi/AQBlKbwstFTFFazeKNwlzx/MOy.6FO4tHWli0qmwa35XQa2', 2, 1, '2023-04-18 19:25:26'),
(89, 'john33@h.com', '$2b$12$/N0vALJ3z5FZU9RnzTm/KelmscOquiuh7NMq07tuixIaRQB8eLPHG', 2, 1, '2023-04-18 19:25:26'),
(90, 'john32@h.com', '$2b$12$E8jNt9K0own.7SIHMZOCl.KlVUVHuA3MwgWmEQLEU0JRT3ni7Hx.2', 2, 1, '2023-04-18 19:25:26'),
(91, 'john31@h.com', '$2b$12$JyXdo.AVANTu/bAycYPacObsCnUrgyLNpmtLNufjtGvr6K2boWzIS', 2, 1, '2023-04-18 19:25:26'),
(92, 'john34@h.com', '$2b$12$QZysm333tzOn55jfvjK.uuGL45ZGK8OZ9.SUFu9P2SdKXchrWi5ay', 2, 1, '2023-04-18 19:25:26'),
(93, 'john35@h.com', '$2b$12$Z8rigirCN0Y7lvD4Vr5jkObg3ErS1UGw0fFi2ni6SZFvbqoTwP93q', 2, 1, '2023-04-18 19:25:26'),
(94, 'john37@h.com', '$2b$12$O6Ef.qp1fBm.5fWAO9Nohu4eYnxpkhOzD.Ytzmz.XXCd3nU4YhUY.', 2, 1, '2023-04-18 19:25:26'),
(95, 'john38@h.com', '$2b$12$4wxg91LJWGxeHR6ymXE.z.KP/n4dlUQnoTVN3fqBaKxdTWXmmvqAu', 2, 1, '2023-04-18 19:25:26'),
(96, 'john40@h.com', '$2b$12$0TxnLV0UGCYl14ZeZxVQBuHEpi.EP6njqeJ4/Ye03B1GBP4PmVhgy', 2, 1, '2023-04-18 19:25:26'),
(97, 'john39@h.com', '$2b$12$BhhWqwhvQRhuHFVlH3RSfucsJ1DMQ3VXrwbx4mEBj5vnDYY3.E/o2', 2, 1, '2023-04-18 19:25:26'),
(98, 'john36@h.com', '$2b$12$aF8e45mi4CrZBATyjfx13uFSXPJBZAaVQym4hlGds6ob09qMOsDK6', 2, 1, '2023-04-18 19:25:26'),
(99, 'john43@h.com', '$2b$12$tAlAKNdjhRv6CqB9BbPcaOQX.UQspLHU7bRULg8uDX4BU4cO0IEGe', 2, 1, '2023-04-18 19:25:26'),
(100, 'john45@h.com', '$2b$12$j8jjkUWGnZ8nF3JQUATC/u7LOsDhzElPgWQb/nDLzbdndTqSq562K', 2, 1, '2023-04-18 19:25:26'),
(101, 'john44@h.com', '$2b$12$OOrjD3gnVt/P119Rtu9ki.mnYGlH0et3mZE8bT8xGjyJdE7oqE97S', 2, 1, '2023-04-18 19:25:26'),
(102, 'john42@h.com', '$2b$12$3i/WxWcegYKbB3gLglAZhu3raZvsJ24w8ymb8TBrdwF75Z0/Sh4BG', 2, 1, '2023-04-18 19:25:26'),
(103, 'john46@h.com', '$2b$12$HrXJp5HhgZxL1/4tMuzKc..NQ84Rr03UnuqKYvPWZKAghSye4f4lC', 2, 1, '2023-04-18 19:25:26'),
(104, 'john41@h.com', '$2b$12$5VSWsWNNT2Q/HPMUAyfBluhmKC7l/sYpo2mGNK0jHrzC.dxz8UxCG', 2, 1, '2023-04-18 19:25:26'),
(105, 'john47@h.com', '$2b$12$JbJGNHqrXLEJsB4j.MQe0.sBVRwstiMFokRLKSoOtB4Hs5JmAQYg.', 2, 1, '2023-04-18 19:25:26'),
(106, 'john49@h.com', '$2b$12$/IA3KzEprCJb1HEnt/hzXujGVIlryB90x6cHv9N0GkCt305tWx.P.', 2, 1, '2023-04-18 19:25:26'),
(107, 'john50@h.com', '$2b$12$n6iH/7DcD2x62UsNQX5GSOZ9pkA2Jg0EVgU0A.Vil2YDqJOaUlJDy', 2, 1, '2023-04-18 19:25:26'),
(108, 'john48@h.com', '$2b$12$ppmhlA66YfPlcksdEOQnEuZPSC.EO/VlM/kq.nDBRO7.qynVh73GS', 2, 1, '2023-04-18 19:25:26'),
(109, 'john52@h.com', '$2b$12$vAQzqNaIRU1IVG5NH7RH4e8clKnhxafi0Y5QdsMfRwLH.aDcBPUiS', 2, 1, '2023-04-18 19:25:26'),
(110, 'john51@h.com', '$2b$12$MdzsMUQMPA8GqCqa0mgN.ud0ekZYRaNWsx7afAnSE2M0amt6rwfai', 2, 1, '2023-04-18 19:25:26'),
(111, 'john53@h.com', '$2b$12$NKaaC3RRo/qH6/tIhuq67Ow6ewlik9jvf9anMA.91xmrmoqKm8egW', 2, 1, '2023-04-18 19:25:26'),
(112, 'john55@h.com', '$2b$12$fXrqBO7O95krJxwFEOR/teujFTlrIEKthXtmUaQQY.u8eoSB998VG', 2, 1, '2023-04-18 19:25:26'),
(113, 'john57@h.com', '$2b$12$j.t3H3aHA7I/mLvlcpPRY.NujA.qJyhxcrkXH9b5oqGlll9HJHyAy', 2, 1, '2023-04-18 19:25:26'),
(114, 'john58@h.com', '$2b$12$UTzKfLUCSc1.etmbmlAwj.hO4mdkZpjTmyGbuEUgkMhCYPlFPbeIi', 2, 1, '2023-04-18 19:25:26'),
(115, 'john54@h.com', '$2b$12$KG6.3ql1We4ugiTZCMIl0u8LDOdX2pjNrIVaqvsbQgwp8AaVDOkNW', 2, 1, '2023-04-18 19:25:26'),
(116, 'john56@h.com', '$2b$12$u.XiVg9/bty1R7NDghCXHeuu1Z283WxBFrqZ0hNtBkSo0YQ1AZ556', 2, 1, '2023-04-18 19:25:26'),
(117, 'john60@h.com', '$2b$12$QHCTAUU0RMBQZcUzWdpPieIMsznLOuVooLutSYc3H0xcPdL76mxQa', 2, 1, '2023-04-18 19:25:26'),
(118, 'john62@h.com', '$2b$12$DgpNHXjo1Tkoq1e1LB03meyvflo8p5SRKCcjxnV36KUXvPQFHmx0K', 2, 1, '2023-04-18 19:25:26'),
(119, 'john63@h.com', '$2b$12$nIdSf2iUHSe/PN3LayMJf.f9k9iVYhxDl4KKbrm8bmpJ96eEJV11a', 2, 1, '2023-04-18 19:25:26'),
(120, 'john64@h.com', '$2b$12$i09fzuoQ8AkFx8F3Hz.ly.yY2okbRffF3tcBYSSvA5GsNtgInD9p.', 2, 1, '2023-04-18 19:25:26'),
(121, 'john59@h.com', '$2b$12$dNANCEN1UBDsOrroGaiBdeKqj2xbaLQ9d3eB8msFGdDkKowrLBnWW', 2, 1, '2023-04-18 19:25:26'),
(122, 'john61@h.com', '$2b$12$YhVhpqH/NVVR3vkw29SZRe6YgsvBqZHbFTHc6K.KvFgnVvvLkGboq', 2, 1, '2023-04-18 19:25:26'),
(123, 'john66@h.com', '$2b$12$Qnv5GJYdhPy9SvpO6glghew2rlidWw1ylCQC.Ny2y7Ok7SNRJs5f2', 2, 1, '2023-04-18 19:25:26'),
(124, 'john68@h.com', '$2b$12$9uAfzo.WhqHiAw5Uhptj3ugNJm2CjyRTmstS8L1dIs27u6GfClOrK', 2, 1, '2023-04-18 19:25:26'),
(125, 'john67@h.com', '$2b$12$ZO1k/XtesmHYLZOkAvxJDeyec8sP9FGHzxHa91end0JT8FdO5OGHG', 2, 1, '2023-04-18 19:25:26'),
(126, 'john65@h.com', '$2b$12$ja9T5U6m6YDJjgUZHKGNueyAMlvWezV3NTD7mN9ecSog3tK8CYng2', 2, 1, '2023-04-18 19:25:26'),
(127, 'john70@h.com', '$2b$12$TQp/M9l2gQ4hVNRmF5k2Yu.B3pSZ/dRd52bK0TZRy4Bm/rAu.jPAm', 2, 1, '2023-04-18 19:25:26'),
(128, 'john69@h.com', '$2b$12$fkq/JzaL9veQajfMoaGWQeuX4csp/x8oEvUPygTuD2UkZEepOuiqO', 2, 1, '2023-04-18 19:25:26'),
(129, 'john73@h.com', '$2b$12$/34mZsZTs11yEWo3HmGHuePaGTn5XtZSvXu5j2My6wnJN4fBfqnwq', 2, 1, '2023-04-18 19:25:26'),
(130, 'john71@h.com', '$2b$12$T4dhS5KMr4u8i.FEtIt3juPa4K1H5M93NxWvtuJlhQ9HjwNC7BVpa', 2, 1, '2023-04-18 19:25:26'),
(131, 'john72@h.com', '$2b$12$ZyadZhUwaYKe24GuqEctve4zNSRIObvSnk6Pwc47dK03rXgF5/lMq', 2, 1, '2023-04-18 19:25:26'),
(132, 'john74@h.com', '$2b$12$R3J7./lQQOKU1skjm.NQmed6U3Fy0VbTaoKCkIdWrGK5HJ4Dzow3a', 2, 1, '2023-04-18 19:25:26'),
(133, 'john76@h.com', '$2b$12$Q1qxGt9g/edpl2zXTnyHte6asnnCOgYJ9podLuNd.Ymbh6bm4lWjO', 2, 1, '2023-04-18 19:25:26'),
(134, 'john75@h.com', '$2b$12$m2Sj.bK7gsgv1suCgiA.J.ZFLNOmfiTMiMBOdXIAFRPM/ZetvCXmm', 2, 1, '2023-04-18 19:25:26'),
(135, 'john77@h.com', '$2b$12$qMTm32SPlYWztImRNgsrFOVMHDW91k8RmZX4.bzmIRn9tK4aqST0u', 2, 1, '2023-04-18 19:25:26'),
(136, 'john78@h.com', '$2b$12$YE8EeqVcWwwi9IoTA9a5bu7PuSsDFIBadezMA.1YFipwX00Hjj4bq', 2, 1, '2023-04-18 19:25:26'),
(137, 'john79@h.com', '$2b$12$gdVszGkoOldAk7PMvdD7i.NESs5xiZk2W0DpSyZO8lz7ieIEUfa46', 2, 1, '2023-04-18 19:25:26'),
(138, 'john82@h.com', '$2b$12$cXAkUHe7G/1y/WW7.hmsSOMliO0f4q14w1ujFK.knejF27FM9qX1.', 2, 1, '2023-04-18 19:25:26'),
(139, 'john80@h.com', '$2b$12$5.t9rR9CxbxVGlkr6BOZgOIrYck0Ik5vDMTgZJsYCKZBvS0lnPnty', 2, 1, '2023-04-18 19:25:26'),
(140, 'john81@h.com', '$2b$12$hzMsIJRMOVEMR8dLAjJPkuQ8urGfqwuBYPIEIut.uZ2fCi1IbSmg.', 2, 1, '2023-04-18 19:25:26'),
(141, 'john88@h.com', '$2b$12$dy9HoJJeMLZatBiCCD.LeulIIRWw.06rffEJEnsK8RrmsIXVzmkiG', 2, 1, '2023-04-18 19:25:26'),
(142, 'john85@h.com', '$2b$12$31py3sslxhAECg1cXRdzvu54fZsDSk3l/SLulhLI1cuSkd9Vw9QDi', 2, 1, '2023-04-18 19:25:26'),
(143, 'john83@h.com', '$2b$12$nswq2vrSyIMALvIZXOWHaOwqBqez9l0YmcVhKwTSbuJZHZAbTVapW', 2, 1, '2023-04-18 19:25:26'),
(144, 'john86@h.com', '$2b$12$S/1ogi8zxB7EaZf6lG1mf.yftQVyeJ4eC.T.2kXlLz.uu594fjJ3C', 2, 1, '2023-04-18 19:25:26'),
(145, 'john87@h.com', '$2b$12$/2MMwBM1KVioRWeOj0XhL.HvswIGAka1r3YvRPOWdxe/x2qi37ZIe', 2, 1, '2023-04-18 19:25:26'),
(146, 'john84@h.com', '$2b$12$/fFMwsTHVRbI6gq0kB07i.8iqBF7zSco5i3Na2lujrQR5B7fWBHjW', 2, 1, '2023-04-18 19:25:26'),
(147, 'john92@h.com', '$2b$12$N3dSIrvueRZcr50jjpZHJuE831MabRsnKnb/OlzoucsoTlwNvIRoS', 2, 1, '2023-04-18 19:25:26'),
(148, 'john91@h.com', '$2b$12$iVhtCdoTuYbnZuXxOmo0JeN7RwYXvvAxO9a2xXbyFnpJd5xVuYb96', 2, 1, '2023-04-18 19:25:26'),
(149, 'john93@h.com', '$2b$12$veAnY/1nIc1i79usifl5Guag6wsiWb7C4rTePkJzbq5NPZ02ssjX2', 2, 1, '2023-04-18 19:25:26'),
(150, 'john90@h.com', '$2b$12$AkuiY8ofKCsTHJZTnrQLTe6hqzuYPRp8KRwzbiySFiHbpJtoEScMq', 2, 1, '2023-04-18 19:25:26'),
(151, 'john89@h.com', '$2b$12$kMHWNx7Kbx3XJNDMzmBmq.XhR0/tJnoMloZ6ipSoCqtwTj6VNGg26', 2, 1, '2023-04-18 19:25:26'),
(152, 'john94@h.com', '$2b$12$ieCl3lJ9ak4eYxkHh7gnbegtkqpwNpOGdKn9ee2nGNDoy1BVZByEW', 2, 1, '2023-04-18 19:25:26'),
(153, 'john96@h.com', '$2b$12$ez5yDufmj6kOjJOSTVjODumk.zVo4Wxl8JTY1BCufJC3b4xX8noiW', 2, 1, '2023-04-18 19:25:26'),
(154, 'john95@h.com', '$2b$12$BWgRqXKR64j.mp0Hd38pHOGeH8fbacyb41.mHfq7HQLuJ562wljui', 2, 1, '2023-04-18 19:25:26'),
(155, 'john98@h.com', '$2b$12$xSrTpj9G7EPgeOzQpOSDjuojYsvb7hmciHUUDN7YQIn0Jb8OXpgGu', 2, 1, '2023-04-18 19:25:26'),
(156, 'john99@h.com', '$2b$12$ORLZ8/XVFs9tr96kbod5Je9MmF8c0qN42Pkxt9F5z6fIfT7KGqCi6', 2, 1, '2023-04-18 19:25:26'),
(157, 'john97@h.com', '$2b$12$G1xI3TDBCiFfzWbBS8pQ1emuehponc7zMvjH/w4wj5Ga/rMdAx7nm', 2, 1, '2023-04-18 19:25:26'),
(158, 'john100@h.com', '$2b$12$ZInZgvn4LvdVCWBP7hgqjO7KrEvmp4ORqb3cpDDJj0Ubj727ZwQFq', 2, 1, '2023-04-18 19:25:26'),
(159, 'john104@h.com', '$2b$12$IzTQYEGgwlJ1j29i4reUw.I3nM3aHJaWbtxdS7JD3fJ0DGI0OQ.yC', 2, 1, '2023-04-18 19:25:26'),
(160, 'john103@h.com', '$2b$12$.g2SZlSwyfYv7FpEShynhOe.PjFhmT/Gv862fBT1ah4vzDgiVcYnm', 2, 1, '2023-04-18 19:25:26'),
(161, 'john101@h.com', '$2b$12$0BGAW4urfF0K4Mj9cW/Fe.LRONmOx1hisC1w1y3g7dMVmnhLklwTu', 2, 1, '2023-04-18 19:25:26'),
(162, 'john105@h.com', '$2b$12$vHx3Lprc3sEjTnMmUAxzguoldFiOhXFHuq7gnFGiKONZcLcb3Dxuu', 2, 1, '2023-04-18 19:25:26'),
(163, 'john102@h.com', '$2b$12$WBAhs9fGQ2X9aTWCFxqXL.LxxN7HW3ulzs/T21L6Cc3/3qMYbnBhy', 2, 1, '2023-04-18 19:25:26'),
(164, 'john106@h.com', '$2b$12$ZEhTehZM1sxJsvaELPJT6.97uDw5ElMTMd32FE5yRyYj/Nc.JUoV2', 2, 1, '2023-04-18 19:25:26'),
(165, 'john111@h.com', '$2b$12$U/oz9KZ5K6EBdioYSMRhWepED2Yg4NBNF9bDXkFv5UXK90Lv7RB7C', 2, 1, '2023-04-18 19:25:26'),
(166, 'john108@h.com', '$2b$12$UbtXzvyK.E6sYCOqqfDVKOvGEDaqKgxaFTB9hKKy0QC7QDFy5Ojj6', 2, 1, '2023-04-18 19:25:26'),
(167, 'john110@h.com', '$2b$12$afuSk7iOflgYUerxQEqhxuHb.HtpiUBZshDBrIuhJrJPhKtoQd1GG', 2, 1, '2023-04-18 19:25:26'),
(168, 'john112@h.com', '$2b$12$omVQ9uc38LWhkJCUTQcSiOVAw0En5kxmQ9lDjstpgZ9xF7EJRyKYm', 2, 1, '2023-04-18 19:25:26'),
(169, 'john109@h.com', '$2b$12$sT9xRHXVtO/sGC4yoJyAJ.4j4Z4lO1lmBS4/4a/DMpmtMUunVq/hO', 2, 1, '2023-04-18 19:25:26'),
(170, 'john107@h.com', '$2b$12$cRp5BKpJZLMctx7GRTkSxOulJGfU8ndmEj5xxiIVSk3L0qPw2kHgG', 2, 1, '2023-04-18 19:25:26'),
(171, 'john113@h.com', '$2b$12$zUJbkEWS83lJSkYXRlKGwe/1Xq0owiwXWAaqKU8Il4QUqAaWPdIwm', 2, 1, '2023-04-18 19:25:26'),
(172, 'john114@h.com', '$2b$12$vWzyEJUXRIwxweSsxxvx2e0ifjAGagp57.QiOxt0om1qmJ7y2CSi6', 2, 1, '2023-04-18 19:25:26'),
(173, 'john115@h.com', '$2b$12$iG6vG0xhoCjr1zQd8i6hGOZgXjc71SS7NDIo2XGsy4bn0Pk5/EG.W', 2, 1, '2023-04-18 19:25:26'),
(174, 'john117@h.com', '$2b$12$Lg66XRdPtCBI6paa6idSVuwEZST1jbhWPHqeCa3aaBdxkdDmWVPCC', 2, 1, '2023-04-18 19:25:26'),
(175, 'john118@h.com', '$2b$12$8Sc/XIUJYrX/Y1m6Vw2CLOL6IJvj9krK.VEFeRVeMZYRbwYtSKVwG', 2, 1, '2023-04-18 19:25:26'),
(176, 'john116@h.com', '$2b$12$wkV1ESS1tZGEruvpCR73h.SajLl0/N3WiEjyZkdc3jvhz7qz2qgOC', 2, 1, '2023-04-18 19:25:26'),
(177, 'john122@h.com', '$2b$12$Uk33s.Ki9HY9oMEGiiVjF.4XgOtR3XyZOyxC3IV7zhmf7aDHFIr2y', 2, 1, '2023-04-18 19:25:26'),
(178, 'john121@h.com', '$2b$12$gVEfvq/gdoGvImPFd4WUs.8RY14xiWuE0LiaOPrYJRZ5Gn9VA29mO', 2, 1, '2023-04-18 19:25:26'),
(179, 'john120@h.com', '$2b$12$eewKF5Mv6Z5wWsK.AxM0JOBWCp0eN8jgmiFj3HxqXTmVOoz3lwz0O', 2, 1, '2023-04-18 19:25:26'),
(180, 'john119@h.com', '$2b$12$q6FPbpIhVgNekgem5v0t9e3ecSJlSJOR0yXUs4D2iwxmLOqa/jh3G', 2, 1, '2023-04-18 19:25:26'),
(181, 'john124@h.com', '$2b$12$waGUUCK48ygEpjT00nUl.ex7FHXEpCfJY9Vb1qIUNGhpW/jriIaUa', 2, 1, '2023-04-18 19:25:26'),
(182, 'john123@h.com', '$2b$12$w030rynwnSHIMoDvfWTDzu.qKxtCYGB.EZtjq86UnOlH8pNeVkbfG', 2, 1, '2023-04-18 19:25:26'),
(183, 'john128@h.com', '$2b$12$/2Z.4skIsmirplWppCtlM.Q3/FiWTzyXhcKYoAZXN9vfQ0uIIIsku', 2, 1, '2023-04-18 19:25:26'),
(184, 'john129@h.com', '$2b$12$jK835rXz9QPU37X9YBfMEO6Ty294m7ky6lhgangMmUm5LyYxfhlA6', 2, 1, '2023-04-18 19:25:26'),
(185, 'john127@h.com', '$2b$12$3zLiF/YqdVLb.FUHhffIru2YUcyf2XuYeyfANmJJgg3D2sFeC.6wO', 2, 1, '2023-04-18 19:25:26'),
(186, 'john125@h.com', '$2b$12$7t3sR32Dz/6YvpttuDXIcuqGOjYAEL1w2kItHVTBZct25AhNSONRu', 2, 1, '2023-04-18 19:25:26'),
(187, 'john126@h.com', '$2b$12$3H4aOaDVQ3/E31CoerxLa.Nrkj1yNwmGgP7glqLiep/kHlYnX0o5a', 2, 1, '2023-04-18 19:25:26'),
(188, 'john130@h.com', '$2b$12$Ghqvltt5u6Y89yboJ9aqN.KknZ8iT0FZuiJjFjG7tC8WtzOW3Nqi2', 2, 1, '2023-04-18 19:25:26'),
(189, 'john131@h.com', '$2b$12$6MgDeh76M.Hj4b5RU9hczulH.deSbqEUuDEfglnaj7TL96m.TsdHy', 2, 1, '2023-04-18 19:25:26'),
(190, 'john133@h.com', '$2b$12$y.VqwLjHnWLATvMwIl8icuY6RqGsj/bYnj5VjbboamzDSWfC.AKEa', 2, 1, '2023-04-18 19:25:26'),
(191, 'john134@h.com', '$2b$12$gMJ.KyqasH9kB6K01Gi1t.ytzvkgZHEqt6Hy/8TW8HcRW40FZBkNu', 2, 1, '2023-04-18 19:25:26'),
(192, 'john132@h.com', '$2b$12$1yJF.Eq74Tj7d.AzK4Wdj.g2uGXox1SfTxMmRi6uyixZefAB5/pWu', 2, 1, '2023-04-18 19:25:26'),
(193, 'john135@h.com', '$2b$12$7Gkp0Glj6ubO2H3eW1XTTuCcqBYmbiudJDc/riV/K73J9r/x19vua', 2, 1, '2023-04-18 19:25:26'),
(194, 'john136@h.com', '$2b$12$WC7LsYNKsu2c0huwu0E3eOetqMUMEMRgyHWBOz1J6QzhMdNWnobQK', 2, 1, '2023-04-18 19:25:26'),
(195, 'john141@h.com', '$2b$12$ZePshInNJhPWxJ.Dy6PEE.Q9SfoN9ZhufDwxsLPELHjYHH5rnbrqy', 2, 1, '2023-04-18 19:25:26'),
(196, 'john139@h.com', '$2b$12$t1/19hMGwlwr.Ioe.liasuqD3HzR8ZrroKGpLhKgUQ8oVmAIxsz1O', 2, 1, '2023-04-18 19:25:26'),
(197, 'john138@h.com', '$2b$12$v8kGAxLYlsUMHfVdHkIj7uML/JyyE/ZLAPTppRbsBTkadSPuVwmZW', 2, 1, '2023-04-18 19:25:26'),
(198, 'john140@h.com', '$2b$12$3x477T70lMQLIt0aDVj68eJxerRC0QU0OCG3oX8q.LizESypb/VwW', 2, 1, '2023-04-18 19:25:26'),
(199, 'john142@h.com', '$2b$12$pnduCWDoOn.OAgCoAnFC2uNc2MeSpC7Tvi.q9wpucaPAAADqE.UkO', 2, 1, '2023-04-18 19:25:26'),
(200, 'john137@h.com', '$2b$12$eq8VHiY4ZjWbQ6OWkTRgm.qYSF9ybqvek7RXhWHOmac4bXfiEEXFC', 2, 1, '2023-04-18 19:25:26'),
(201, 'john143@h.com', '$2b$12$4hNCa/mZMMXWAEcqTTfNGOVoMlalgarYpfysROypq9vLYuPv/laI2', 2, 1, '2023-04-18 19:25:26'),
(202, 'john147@h.com', '$2b$12$XYM.HEdIhUGX/n0WrdbX1.Q48Eo.AtJ/OnWm2Ft9tlhQekP/zH94C', 2, 1, '2023-04-18 19:25:26'),
(203, 'john145@h.com', '$2b$12$u3W5ZpPdVpKh2W/g0WGrI.ExQux8cyeWUWHRTOG3d9BX2Nqz/KXJS', 2, 1, '2023-04-18 19:25:26'),
(204, 'john146@h.com', '$2b$12$wxzsskb3krwfP1McaaWGyup4/M1teFewmv8J/PabkKQNFFdbJe29u', 2, 1, '2023-04-18 19:25:26'),
(205, 'john144@h.com', '$2b$12$CPyobbIc4pLfYXEenqg94.VXFbfkzpeOWSsiffq/7tClcEueFBM.m', 2, 1, '2023-04-18 19:25:26'),
(206, 'john148@h.com', '$2b$12$0PlEdcFdd6JOfdvDjvNHYeShwzg6.kbcRWAjxZ4iTe7UOsgiLl7y.', 2, 1, '2023-04-18 19:25:26'),
(207, 'john150@h.com', '$2b$12$g6NV.STeYmaN.8jmJ1iPWOX4jvP31SIg4EpONXP96F5LVv8Wmf2gi', 2, 1, '2023-04-18 19:25:26'),
(208, 'john153@h.com', '$2b$12$f8W467ejxPUiDvhqyNGe7.hAogEzptPZL3I9ZZP5B3vzWzD3upN3.', 2, 1, '2023-04-18 19:25:26'),
(209, 'john154@h.com', '$2b$12$XfB68cbIJK2s76ejIFqs/.eKVKOW8KhWiUaJKygOIHmIA8VDl4UZu', 2, 1, '2023-04-18 19:25:26'),
(210, 'john149@h.com', '$2b$12$eoojMBMGHaUa/EbjctqvbuTzpdZSKhdi5daYYVN5uJsy2dsyHWNMG', 2, 1, '2023-04-18 19:25:26'),
(211, 'john152@h.com', '$2b$12$WtDcHdLA1QNL.uEuiQfbVuVCQf0zj39m/Tid1EPrzNGi.Zb35nlzO', 2, 1, '2023-04-18 19:25:26'),
(212, 'john151@h.com', '$2b$12$ToDiP76mx7vBKnj.1DWC4OzeqNT99/xuXLPeDmmy34PQ6VH.FOG8m', 2, 1, '2023-04-18 19:25:26'),
(213, 'john156@h.com', '$2b$12$RbTkuljunVK/soGZlkFgLOdHCkFSALsRsNgwrH1ydJvbH.BPAi3hy', 2, 1, '2023-04-18 19:25:26'),
(214, 'john158@h.com', '$2b$12$3Tbmf8PnCHblvs/G5.Sk6uRjZo3c2vK9LyutmgGU/M0KK.P509Vd6', 2, 1, '2023-04-18 19:25:26'),
(215, 'john159@h.com', '$2b$12$sZt2zYxYSbE2zu1Ioi71OOqq2ovzxp3FU7opqE57LtNopXEcV89Iy', 2, 1, '2023-04-18 19:25:26'),
(216, 'john160@h.com', '$2b$12$LRjj/nmIX6E3fIMqBCtTUu/94ZPI5X5Mq/WXKmX/VKRd7IYs.MMV.', 2, 1, '2023-04-18 19:25:26'),
(217, 'john157@h.com', '$2b$12$v4640oEREwMT70mjAf198ustGmFRQlvOyCcX4d6Fiox.CPq9FOqUG', 2, 1, '2023-04-18 19:25:26'),
(218, 'john155@h.com', '$2b$12$m0zz3ZbptfcsBy2q6oEgRu/5KhuDp9SDWJn1lXWopcOPCM.Kww26K', 2, 1, '2023-04-18 19:25:26'),
(219, 'john162@h.com', '$2b$12$p7KuYXSIHiRUa8zLVbHQNOH0cU6f5cQsl5IOyTEVxSUoPV2/RWbya', 2, 1, '2023-04-18 19:25:26'),
(220, 'john161@h.com', '$2b$12$7gyEIn/5pizp1o1.VLoyY.WIh/gqnsIiAygEhd6ls8RxEUc6f.jZm', 2, 1, '2023-04-18 19:25:26'),
(221, 'john163@h.com', '$2b$12$SUW8Q2PcmRL9UqB5W64WT.UCR9Sp4iaFBeUs.49gKfQqhbhFjMFAG', 2, 1, '2023-04-18 19:25:26'),
(222, 'john165@h.com', '$2b$12$hFju2Yl7Jvm0JalrEiuWqeH3BaOGSpLyvKlUbjL3HHxGORA30wlH.', 2, 1, '2023-04-18 19:25:26'),
(223, 'john164@h.com', '$2b$12$iyk8VA18Zig76SZRsP7R7u59r3/uPPQ0gE2nwnJVxVQlFbWdT26gq', 2, 1, '2023-04-18 19:25:26'),
(224, 'john166@h.com', '$2b$12$TwHu.PvEmsaG6/dGIVM2h.vPsI4FrXZpIKxnwJ6OnNfxiVG2KBavy', 2, 1, '2023-04-18 19:25:26'),
(225, 'john167@h.com', '$2b$12$hq8o2YQtMjrpqsyLygwewuUNEiWiixJkWDdxA7G18Ttd/cXN1d.eu', 2, 1, '2023-04-18 19:25:26'),
(226, 'john168@h.com', '$2b$12$R/VLuQIMXiTTOQbQMuQYdeYTRmY5W/cFXafH2yNmbutfw9Op5lCCm', 2, 1, '2023-04-18 19:25:26'),
(227, 'john170@h.com', '$2b$12$Y6WTvCXMLUhmjGd/IH1UGOV9tbTyAhEJEnhXn1xkdyn23HVhXvd4u', 2, 1, '2023-04-18 19:25:26'),
(228, 'john169@h.com', '$2b$12$ChZyQsnm0qNzjwkHN/Tpz.g84UB8XVBKAZrbmfZRliQGZ9kb8QsGK', 2, 1, '2023-04-18 19:25:26'),
(229, 'john172@h.com', '$2b$12$sAxjuQWs7IoAHPXvFRFLveq5UoxsyfHb9vuclfE4./pECgaPHn3dS', 2, 1, '2023-04-18 19:25:26'),
(230, 'john171@h.com', '$2b$12$yeBRi1r2tYveU2.9m33m2.azXTaRVDPOrdoAUdYHE1Fmvt4R8PDM2', 2, 1, '2023-04-18 19:25:26'),
(231, 'john175@h.com', '$2b$12$yGvvvzbNC7kp9q33Nfrm8OiIIPl/xJvg3EPUwpAC8o5NoePf1bNlG', 2, 1, '2023-04-18 19:25:26'),
(232, 'john174@h.com', '$2b$12$OgavbURaVCQ0/02Ei668VONi7noRzyCMuO.kOtHIVq63j1j8.njte', 2, 1, '2023-04-18 19:25:26'),
(233, 'john173@h.com', '$2b$12$MsQgaGqvAreF/3bz7XYFi.FJqRPrXP5PRPWxILPNca5pmHqwYRrqS', 2, 1, '2023-04-18 19:25:26'),
(234, 'john176@h.com', '$2b$12$lfJ4eCR12PHx5x2CPRHUXOYvq2MCWgYpar5VNL66nEbIIR7M46m92', 2, 1, '2023-04-18 19:25:26'),
(235, 'john177@h.com', '$2b$12$FvDjqmSlCZYnjDzvZRQZiuFKGZ/3rOFe.82EmFIBdsxINsxYYRCZS', 2, 1, '2023-04-18 19:25:26'),
(236, 'john178@h.com', '$2b$12$W1QknOKkoE.X5bnZyt1eGeSh3.TcW9U76hKnEchrFyFTsZGrLphpe', 2, 1, '2023-04-18 19:25:26'),
(237, 'john179@h.com', '$2b$12$nPOoN.OdY8IibTBx6dQYa.4WA/uZ9UHmtVLC9Sf91vJpgTDFbfHT6', 2, 1, '2023-04-18 19:25:26'),
(238, 'john180@h.com', '$2b$12$LTNh.j5.3ileD/HreLNwAeh/KX2MfgWTeODXAaMF5ycwderB1zm2O', 2, 1, '2023-04-18 19:25:26'),
(239, 'john181@h.com', '$2b$12$eq0wg7Sg6jJpDfxzR4ilvul9KQhuMS7.fexUhe0I/YRjX4So7a36a', 2, 1, '2023-04-18 19:25:26'),
(240, 'john183@h.com', '$2b$12$bSXjE5D0GeBZ3Y3kvaHDnO3PJ5CNfxz/ay6gwRP6HAEgm.wdkAlci', 2, 1, '2023-04-18 19:25:26'),
(241, 'john184@h.com', '$2b$12$nkNxkSk1Z6Dww55sHrGau.5hYrlBDtS.q0EDK8PCdY.RIQ..5zT.G', 2, 1, '2023-04-18 19:25:26'),
(242, 'john182@h.com', '$2b$12$65O8chL6n9ZCfqQ3pZ71O.1hAXSMhfBB.SHi9E9Mpt2Mc1s7cIQ0W', 2, 1, '2023-04-18 19:25:26'),
(243, 'john185@h.com', '$2b$12$iHUnw1Sgu0bGiEVsq2TideVLFg7sPhHSev8KhwYyJ1xVDb5tWA3m6', 2, 1, '2023-04-18 19:25:26'),
(244, 'john186@h.com', '$2b$12$DaFIrN/98hJCwP1MNj9N.eBRgKNPYeMLeY1ILZCvh5d2MQPYU3Sai', 2, 1, '2023-04-18 19:25:26'),
(245, 'john190@h.com', '$2b$12$8umFLprOThf7ibE0zw..7.FxljWnK7D7Zumgf0yZ3ktpMXYsdRa0a', 2, 1, '2023-04-18 19:25:26'),
(246, 'john188@h.com', '$2b$12$JI92heh1HJ7CIAHHRAJIF.vb1T92v.QZ7xJ2Rpi75qr1cLvsZgCWu', 2, 1, '2023-04-18 19:25:26'),
(247, 'john189@h.com', '$2b$12$74Gh6Heq/mR4gjsk0UP5Ce50i7ReQRjtSKpgpFNtKA/YfmMYbd3Iq', 2, 1, '2023-04-18 19:25:26'),
(248, 'john187@h.com', '$2b$12$Zjwlj9omX5kRwXUIXK69GO3BYNObL4eV9fWvL6ZjDCm94siFDfWrG', 2, 1, '2023-04-18 19:25:26'),
(249, 'john192@h.com', '$2b$12$Vm93.KDjjUZ2PS1yzQfpo./.Ujpx5gyBCh4kSwcfV//U4M3HxSDmK', 2, 1, '2023-04-18 19:25:26'),
(250, 'john193@h.com', '$2b$12$Ki3a7KEo26kXQ4ODNS2IiursUpbkIoejENKxwNOLAmwm8lfzIQBYG', 2, 1, '2023-04-18 19:25:26'),
(251, 'john195@h.com', '$2b$12$OLmwk3lUKMlDPhzs2gAyH.heMDZSq82ZRGAY8AKfm9DuLD.wFYhtK', 2, 1, '2023-04-18 19:25:26'),
(252, 'john196@h.com', '$2b$12$9xTJeTn6.YG0k3WuFXEhrubZkO8koaBR8n/85smWpbRrQ8zahprsi', 2, 1, '2023-04-18 19:25:26'),
(253, 'john194@h.com', '$2b$12$AGAC5jqbVvBhqiymo7vdr.vW57qI0c0fhdeVrPFI1Y2g8KPl9KacC', 2, 1, '2023-04-18 19:25:26'),
(254, 'john191@h.com', '$2b$12$HBZWiopu87CghSna4HrTXO1PBh/HCwrAt9EEE10Q7C8O4yOkaabGe', 2, 1, '2023-04-18 19:25:26'),
(255, 'john197@h.com', '$2b$12$7M0OepgsjWVfeqzU9GBIYufwhwwdqQxg40rDHxAlut.ya858/mZUS', 2, 1, '2023-04-18 19:25:26'),
(256, 'john198@h.com', '$2b$12$QH64er69eL.9d0uSRzfBHeUnBpSuyBR6HFMZj03lETbYAg3NXlpJu', 2, 1, '2023-04-18 19:25:26'),
(257, 'john202@h.com', '$2b$12$NVY8g7bs5mXJ1LgrDk8byOtSr47okR2IBVJCTffiRifHEv9jxzwoG', 2, 1, '2023-04-18 19:25:26'),
(258, 'john201@h.com', '$2b$12$YtPy5qB9w1J0qDMu6Fk5yun1TLSqlOCj8IczWrrviO0Q9bS5IgwmO', 2, 1, '2023-04-18 19:25:26'),
(259, 'john199@h.com', '$2b$12$MCL0SiSPtwzVJbw7rCVlqOZ14MOI2M6kwvekEYosDgxj1ua0t966.', 2, 1, '2023-04-18 19:25:26'),
(260, 'john200@h.com', '$2b$12$SiOYbRvQBxwnJkUYrdL3k.2Uj/4J7wK61.sIZglwsV0U0tZRdy.zi', 2, 1, '2023-04-18 19:25:26'),
(261, 'john205@h.com', '$2b$12$/9ruDx.xib67Q14VqR7yyeBurwCm5Gx3zvr/NNtU0eB/xfUO111mi', 2, 1, '2023-04-18 19:25:26'),
(262, 'john203@h.com', '$2b$12$09qVi3Rw8iQg/3yTysodiOTjAJzo1j9V5V6kTE1QWO9E5hXFX2Q3K', 2, 1, '2023-04-18 19:25:26'),
(263, 'john206@h.com', '$2b$12$yBgT0Dav2wdYMqWk.KtI2OuBsebOBFqoYaJT8fM4wYlZGfAcBJxze', 2, 1, '2023-04-18 19:25:26'),
(264, 'john204@h.com', '$2b$12$cEFvB10jhEuOvTtzW7K3ne91iS0RqoEefn1vIcaCxfo06obNgWbJe', 2, 1, '2023-04-18 19:25:26'),
(265, 'john207@h.com', '$2b$12$.m/eHbdyyXZXCdms9THP..QUkIDhKlZrCedTEb9F3Rw6NCw6xYZae', 2, 1, '2023-04-18 19:25:26'),
(266, 'john208@h.com', '$2b$12$7vM9LK4t7.xxnzDTSDOtgefCPyOcVQxLEeAS4XtFJd7OIZ.RU/vk.', 2, 1, '2023-04-18 19:25:26'),
(267, 'john210@h.com', '$2b$12$WUsXLC9fQ.ZStci81ahV.O/W5C6vU5Dps.5jOxCu8s5wTyT3cMdhO', 2, 1, '2023-04-18 19:25:26'),
(268, 'john214@h.com', '$2b$12$Nc7.yjOZEaDHzHtcxRQc.eZAqvMP6oMuu56M2mfPVVgiJRgiISA.q', 2, 1, '2023-04-18 19:25:26'),
(269, 'john211@h.com', '$2b$12$span89wj6uL4gO1EWrNxUe7iCjy76UK.sRwPJjAT81lAC/JmkUL4y', 2, 1, '2023-04-18 19:25:26'),
(270, 'john213@h.com', '$2b$12$dYOi6cI/KLKSdK1VdMjrsuKdaKHsECDzoRZaLoXp0PbR93qd.Ut1y', 2, 1, '2023-04-18 19:25:26'),
(271, 'john209@h.com', '$2b$12$2fkvXhA/M5S7eUVoJ6ha1eBr5ZTKghTZT/OzQ65ZGJqnQlKUjbaeG', 2, 1, '2023-04-18 19:25:26'),
(272, 'john212@h.com', '$2b$12$AKuk8V4EDSA6sqFtTIPPOOm0E0S44SLchMncTSjD90LbUAYqx.fx6', 2, 1, '2023-04-18 19:25:26'),
(273, 'john215@h.com', '$2b$12$bupn/GRCUBvhSmmahab6i.jqDw3vgEvvtDu7XYIDwiQUcexbZfLDS', 2, 1, '2023-04-18 19:25:26'),
(274, 'john216@h.com', '$2b$12$lpcJQtvq8gIPfIYR7onz7O9WupkTWIqkw0hCR.9aeYVqcWuSu15yW', 2, 1, '2023-04-18 19:25:26'),
(275, 'john217@h.com', '$2b$12$/tRZBFA/Ig8iGclUr9tvhOK8zmO5EBbfQflQ9xsSnJNTMkXctqhfK', 2, 1, '2023-04-18 19:25:26'),
(276, 'john219@h.com', '$2b$12$92ckszCXxeUE/Hq.9rzdYuGdZFTDu/e6l4SjOUDtc1qRv6jjAsAL.', 2, 1, '2023-04-18 19:25:26'),
(277, 'john220@h.com', '$2b$12$/bm.aInZ76HTdpU.uNL3Renyfppui1xJj1jCCBvbXTWXQ4kCxKSf2', 2, 1, '2023-04-18 19:25:26'),
(278, 'john218@h.com', '$2b$12$17OGTqWlhapd0LBD1I76Z.FEdjbLGOOO./oBlL0frRpi3krHM30Ii', 2, 1, '2023-04-18 19:25:26'),
(279, 'john222@h.com', '$2b$12$LfhbKmA18PczUDsGWWBuu.zSOLRj3IkeORc1zAcMxQBYmVogTBd0m', 2, 1, '2023-04-18 19:25:26'),
(280, 'john224@h.com', '$2b$12$4r/xWwJ0wAygf4GL6gYb4.5l2DUPRiazGjpMiDFFFr1MTFp7KtNba', 2, 1, '2023-04-18 19:25:26'),
(281, 'john225@h.com', '$2b$12$IGQiHap2q2y.CYLYFscFy.j.gZSgrn9Wtkpw774Iq4fXfRkNldE8i', 2, 1, '2023-04-18 19:25:26'),
(282, 'john226@h.com', '$2b$12$af.SUH5LEcpokKvPxMFO/uKu5nNu9DQqvDBZv.OiZ/VCDICaWKoKC', 2, 1, '2023-04-18 19:25:26'),
(283, 'john223@h.com', '$2b$12$FJWKr/UeU8w.uOqZG8QJKuQZsGUIWceHqyjQo5UvjHix2LBnkkhPO', 2, 1, '2023-04-18 19:25:26'),
(284, 'john221@h.com', '$2b$12$IoU0Sfw3nT67Lat9/oKHhek2CL6usa8EsFN3gn9An3hYF2SZnJTLS', 2, 1, '2023-04-18 19:25:26'),
(285, 'john228@h.com', '$2b$12$Y9JQVE/4BQGdo/MbNzp4aO4VVZ1fSmsECuecrPHsiSpjQGVC4Qzyu', 2, 1, '2023-04-18 19:25:26'),
(286, 'john229@h.com', '$2b$12$Xf3ZkFwB9pfRYekYb0Mfau8MmZjdpVLOsCCMPqUzCUaBoxqaAMSYC', 2, 1, '2023-04-18 19:25:26'),
(287, 'john230@h.com', '$2b$12$m7y4hSDJzMbieDibbmZhbuERRhRn5EDYKYOuATTQ3W5C9KLFpyEn2', 2, 1, '2023-04-18 19:25:26'),
(288, 'john231@h.com', '$2b$12$fhxoQ/Hz9IzPFKjzLbWCXu4f8b.Jxn2rYF.JmuXmorPbZ5dkEpg1a', 2, 1, '2023-04-18 19:25:26'),
(289, 'john227@h.com', '$2b$12$KWYW9pIcvEuOSkaSKYuseuJLU0Ns4mdzRBwtGpg/xaI1.v3g7WQDC', 2, 1, '2023-04-18 19:25:26'),
(290, 'john232@h.com', '$2b$12$ZoKMnuruycodMsMY1ExT4OZmnxVkM/jREXVSoU1rqk6zCfVYkX562', 2, 1, '2023-04-18 19:25:26'),
(291, 'john236@h.com', '$2b$12$RBr9eBs9FMDLlAnd.fSaoOO04y1NAB078DBIpJy5hwGL8BNtC0JrK', 2, 1, '2023-04-18 19:25:26'),
(292, 'john235@h.com', '$2b$12$aEQ/FS61rAaZpbscvXuPuuOaGUKXtQ0IESuADRNPq847f8Jc.R.K6', 2, 1, '2023-04-18 19:25:26'),
(293, 'john233@h.com', '$2b$12$XpHFEF8ZXxmQ0jNdfQIiLOubFbwAm1KCHIvTPk7i6vIIKzzEIPzZ6', 2, 1, '2023-04-18 19:25:26'),
(294, 'john238@h.com', '$2b$12$MIWH7TFA.DYXX9G6qWNk1.8BZAIc8KGZhUW/4oggWBDLOMUp33ghi', 2, 1, '2023-04-18 19:25:26'),
(295, 'john234@h.com', '$2b$12$W3bdQF.iVQ30A5YURcOVReLcf27/4skR/wCIYbsjvCRoZ0s0QncPC', 2, 1, '2023-04-18 19:25:26'),
(296, 'john237@h.com', '$2b$12$ad13NwXcNPv5SfE/SAvmPuXLDEL1V9oJYRsqz/v720thStUeu/ei.', 2, 1, '2023-04-18 19:25:26'),
(297, 'john239@h.com', '$2b$12$yT03gpOv/7W99Q/2Dirn0ueAUS3t77ZwhuYy9U1.jqJ.Cp0H0wySe', 2, 1, '2023-04-18 19:25:26'),
(298, 'john240@h.com', '$2b$12$wBdznOfdde4CCI/rEXXPH.LfqGUSypvtR5SDeQP2GI5VaynpXY7/2', 2, 1, '2023-04-18 19:25:26'),
(299, 'john244@h.com', '$2b$12$ZoHZyu/T0.Io7he0MCf50uiHDoFdDSoRdtK3AesxYcsjYYMMhvrKu', 2, 1, '2023-04-18 19:25:26'),
(300, 'john241@h.com', '$2b$12$B4J3JdYGO4b.EowT6/ctUey/SJsc/iU4NMRlBqG0PjIMHPfp65rp2', 2, 1, '2023-04-18 19:25:26'),
(301, 'john243@h.com', '$2b$12$.3Oxpyo24bvQ.lwHdsDPsua.2OUA269wGxGiWdu5qK7SyFY8loUWm', 2, 1, '2023-04-18 19:25:26'),
(302, 'john242@h.com', '$2b$12$TRFAWBfUH.tNiGVMhhfbMeLpXacoSFgJwWb7omDh/vdRdeGsWqX7q', 2, 1, '2023-04-18 19:25:26'),
(303, 'john245@h.com', '$2b$12$NkqMwITHCXawkvyvkRogXOUGtB2pEdF/y2VbZ6GA/2m5nx4Mqt7WW', 2, 1, '2023-04-18 19:25:26'),
(304, 'john246@h.com', '$2b$12$aZ499eqm.vIMaiURpjnqKuUJin6g6rfm03vp/0RwUNYZDTd1iznh6', 2, 1, '2023-04-18 19:25:26'),
(305, 'john249@h.com', '$2b$12$5pYSPlVQgbKYAgHKWtMYDeJbWEM0slu2mKhgsZKK1gOUdEGfL/aEy', 2, 1, '2023-04-18 19:25:26'),
(306, 'john248@h.com', '$2b$12$15r/ikZtLAdIv23VpIc2uucoJEmd9p5ej2P7rzLuKkSi92J7pPLM6', 2, 1, '2023-04-18 19:25:26'),
(307, 'john247@h.com', '$2b$12$pVG/Dd5Pv5OFvNugjq0UI.7KBtxUP9tUFfwo5qHe.h/Y92WZh9TyC', 2, 1, '2023-04-18 19:25:26'),
(308, 'john250@h.com', '$2b$12$O7WpD2dUvqroCRaP8qSsFO0LQagz1tu8fA.QKT4/S21wYpqrZ5wgO', 2, 1, '2023-04-18 19:25:26'),
(309, 'john255@h.com', '$2b$12$udkbzx8O9BOiB86MuMDACuj9S46FI4eUT0LyE598YhuV7rCd1fPw.', 2, 1, '2023-04-18 19:25:26'),
(310, 'john254@h.com', '$2b$12$fRcqX2UXv.moBun7L8MwoeRhiNUXY.uw6quLA7uLHtMl52tlg5gSS', 2, 1, '2023-04-18 19:25:26'),
(311, 'john253@h.com', '$2b$12$0CJyl8suq/I4h7j3RChg8eINoljBr3Y0o4BLrsyJ9wH8h4NmXbd6y', 2, 1, '2023-04-18 19:25:26'),
(312, 'john252@h.com', '$2b$12$HZcXqAxlebcPwclV8eDABOQ.dg57QdAJuIKE.JRC8NJuN10zyaIDy', 2, 1, '2023-04-18 19:25:26'),
(313, 'john256@h.com', '$2b$12$Bksc417J74gujYNUufxxEuvxX.3MjQbwQWAcByCMU5oD7x6Ky3gJO', 2, 1, '2023-04-18 19:25:26'),
(314, 'john251@h.com', '$2b$12$uWAc9RId/xYiVpPtsczUjO/My/zxgmyHFkjIYuLn54fdQeRbi.Sb.', 2, 1, '2023-04-18 19:25:26'),
(315, 'john260@h.com', '$2b$12$Qbj2Vvcg5aRRLwcrJdkZ.OH/trHdSGq4HjUx8LEWXm2SeU8vAWDzG', 2, 1, '2023-04-18 19:25:26'),
(316, 'john258@h.com', '$2b$12$9fYRNoP5sNHyUXGdUUSjcuBEL.HZ0XiIzyUoH8FmEzTa.gqTveHTi', 2, 1, '2023-04-18 19:25:26'),
(317, 'john257@h.com', '$2b$12$b/8V8l8TZIY5y9jhxSWxlOsZkYhYQao6CZB0etPuGU8j4OzZxoCWu', 2, 1, '2023-04-18 19:25:26'),
(318, 'john259@h.com', '$2b$12$WexKPY2C6AcylpjfT/b8eOu.dunb56Ax6d1Bhz9LQogkRhG8W4yya', 2, 1, '2023-04-18 19:25:26'),
(319, 'john261@h.com', '$2b$12$xQqLZXWXcY/TymVjsP7ly.IBE230Y0MaLwm2yGZd9LbJg6KhAcPUe', 2, 1, '2023-04-18 19:25:26'),
(320, 'john262@h.com', '$2b$12$8vi2cAflR/rGGqU3cFrqo.QuZj01RLAWkeXTSRG0OJIKQ4veMypRi', 2, 1, '2023-04-18 19:25:26'),
(321, 'john264@h.com', '$2b$12$eqSXaPQsoIezDnGH2Spe..VOSSWJQ3JRdzatvmcx4L7XOzjj5gAi6', 2, 1, '2023-04-18 19:25:26'),
(322, 'john263@h.com', '$2b$12$KYOxlvWKSTg0nxum4pVIO.26ubZiuhCIh0YLZpjjfYVzN8PTWONlK', 2, 1, '2023-04-18 19:25:26'),
(323, 'john265@h.com', '$2b$12$NCSMrvRV0.R96hWvEOds5eWbn7enQF3o0AhusYzIb3i2FMUld3bgG', 2, 1, '2023-04-18 19:25:26'),
(324, 'john268@h.com', '$2b$12$mZ0u1F/Q9GQpo9kpo5IS2eB1hjoGwzKlS3jlkb5WSL9PMBK7mzQHS', 2, 1, '2023-04-18 19:25:26'),
(325, 'john267@h.com', '$2b$12$n8Y0EeWgTz/4EziEKIQDlOAVXhCyNNbMW1N5.xWaj/DL.6NPBklsC', 2, 1, '2023-04-18 19:25:26'),
(326, 'john266@h.com', '$2b$12$1W7a3UfY/NghGQC.zO67nuxr4r0wprq7N8Rdk1nxw8CAqjLYcEDIO', 2, 1, '2023-04-18 19:25:26'),
(327, 'john270@h.com', '$2b$12$fts3G2ljXALfKEU0BnsJbOkhDGzgt5TjGjAubwN63EkTQSYAZLQJK', 2, 1, '2023-04-18 19:25:26'),
(328, 'john269@h.com', '$2b$12$LZbXzPvmJ9jhqnP9sNpXf.6zRXdKItHhdC6uV3.9wzC.G7Wey.fI2', 2, 1, '2023-04-18 19:25:26'),
(329, 'john271@h.com', '$2b$12$i59chyqOIMMLKKrtTWZvw.V9gBJMmJIJ.wbY5DUY37W61O7cyVpXG', 2, 1, '2023-04-18 19:25:26'),
(330, 'john272@h.com', '$2b$12$4MuKoruLFWFX0U6MFStouuKj6xLKik8ou5E9q9tW8pMJL/Y4qg2YW', 2, 1, '2023-04-18 19:25:26'),
(331, 'john273@h.com', '$2b$12$eqx.UrP2b/f4DBOrgQA5h.lpBsUwXQmeDCPd1GTZN.TZIiWGepBaO', 2, 1, '2023-04-18 19:25:26'),
(332, 'john274@h.com', '$2b$12$BQSEny/dRWB3v.KkJAeH0.kpSRcGh/2F6EutGbdphmV68KEEp/Dc6', 2, 1, '2023-04-18 19:25:26'),
(333, 'john275@h.com', '$2b$12$G/TvztCjzyZD2kwkNPG4ZOGO3hC6rzpvwW9gZQz0bODWVT96YKATi', 2, 1, '2023-04-18 19:25:26'),
(334, 'john278@h.com', '$2b$12$7eVckKlwUjBfHF0oxKtf5OBoYZrg9Aq22W8MT4HaYku84PK8Z0.qS', 2, 1, '2023-04-18 19:25:26'),
(335, 'john279@h.com', '$2b$12$rjc9gpK3jiXCRAq5sJQR2ulKdubsCE7I5mRKUdME1c5UAAUmHblNe', 2, 1, '2023-04-18 19:25:26'),
(336, 'john277@h.com', '$2b$12$/pc6AuGtJrX8/ONQFOK2DenWOU21NYRudRcYCNSMKPk9jCCTmmtHq', 2, 1, '2023-04-18 19:25:26'),
(337, 'john276@h.com', '$2b$12$GVzXRm4I3vNkp7Pp2pTpoum5SE/EpJmZrkjlMkRbl/dB2uB6YJ2w2', 2, 1, '2023-04-18 19:25:26'),
(338, 'john280@h.com', '$2b$12$odI4ijrQ9FXcicWu6Zf7q.sQXLkXw3C91w6l72njt0vDKuCiybkci', 2, 1, '2023-04-18 19:25:26'),
(339, 'john281@h.com', '$2b$12$1v.fmqt7MtxJF/x0fAgof.zTSHXGyJh5OUiNfXJFGiiAP9vGVT5sC', 2, 1, '2023-04-18 19:25:26'),
(340, 'john283@h.com', '$2b$12$.dC5n1lKRZjffixMHRutI.GFnQZ80f7Nx8J2ydcYmRtsVpjZIh/.y', 2, 1, '2023-04-18 19:25:26'),
(341, 'john284@h.com', '$2b$12$C8Wti2o5j2OH6F4l2Vv8Dur8551L4048BvYBU965N9iQ7wJ.jZsZW', 2, 1, '2023-04-18 19:25:26'),
(342, 'john286@h.com', '$2b$12$M648vFzR4ImGqZG/EVbYV.lJ7wEBQWK5YFMmZB558Ax3qtoKhoQoy', 2, 1, '2023-04-18 19:25:26'),
(343, 'john282@h.com', '$2b$12$ZjxKudmy/XYN0Jf8xNSCou7.bsDLtTijj5uxWYi4ZuXfRru0Am6qG', 2, 1, '2023-04-18 19:25:26'),
(344, 'john285@h.com', '$2b$12$9vuAqOd.n.I0nb43.kgWduhkMQN7EMBaqBNkr/tVMisPMG66C/izO', 2, 1, '2023-04-18 19:25:26'),
(345, 'john287@h.com', '$2b$12$9N4iYzg6fHze9G7tDbrOE.YdpXSWgyDho5V3RYHPGd1Wl8nsL2cVK', 2, 1, '2023-04-18 19:25:26'),
(346, 'john289@h.com', '$2b$12$xb0zkJMKS3Hxo0N4Efi2zu4qwUu5uyE2aisDagcsDUK8lNPPL79NS', 2, 1, '2023-04-18 19:25:26'),
(347, 'john288@h.com', '$2b$12$0VqVZV6.Q2cqm7uIzNVRleCnNQ4JUadBfboYxdWlIrxj1eGGKTVIC', 2, 1, '2023-04-18 19:25:26'),
(348, 'john290@h.com', '$2b$12$3kkB16IsGHWxYhRcQlT4H.b2b1O7Jbld0w7CIGAez4noSRcPSmN4C', 2, 1, '2023-04-18 19:25:26'),
(349, 'john292@h.com', '$2b$12$cvTqLhrXhp6dNlcjGO9LReDrqd7P1hABbPB4q8iFCnv78yBazNqXK', 2, 1, '2023-04-18 19:25:26'),
(350, 'john291@h.com', '$2b$12$nNCkkujLyZacfD.U64Kooeyucl0XhAnwiw6wvodpx8ipEg/lulIke', 2, 1, '2023-04-18 19:25:26'),
(351, 'john298@h.com', '$2b$12$MWWeaA7pJw4n4.IxzR3v/eqoo.lciIM50SWBjyAQf9RSMUaYTo7TC', 2, 1, '2023-04-18 19:25:26'),
(352, 'john294@h.com', '$2b$12$8b39MuaUfQhJvaGFms64fe30xo0.skD9EGUM5YesICxQsPm4X63.y', 2, 1, '2023-04-18 19:25:26'),
(353, 'john293@h.com', '$2b$12$t4VHSgETmz4sSYAqxhQNVua18PoE5eUH66yfZaJ4PB.r7qXkYf1qW', 2, 1, '2023-04-18 19:25:26'),
(354, 'john297@h.com', '$2b$12$DtiVHx5Fzxzp0OzlT561VeAOFUSCR6ZCMLZgsscOtRFEEKHMdqgg.', 2, 1, '2023-04-18 19:25:26'),
(355, 'john295@h.com', '$2b$12$wPwjX/q53AeLGty.RAHgT.UhIuvRVIsGgYl1U98ax7HKdpThoF5P6', 2, 1, '2023-04-18 19:25:26'),
(356, 'john296@h.com', '$2b$12$6IiC024Mu7OonmhE3.wXjOgJY6F/gbPFRmKSG7.inK0Rt8IN6wBZi', 2, 1, '2023-04-18 19:25:26'),
(357, 'john302@h.com', '$2b$12$gICqFqiRQcuTaKsS5iIN0Om1xDgkoGt9ArH/GOj6C.7Z5vWPQOlJm', 2, 1, '2023-04-18 19:25:26'),
(358, 'john299@h.com', '$2b$12$zxlYZJFR7ARQf9Qhdxm5xO8KRlOSRJCKBsDqTqIi28gqEuKHDxq4.', 2, 1, '2023-04-18 19:25:26'),
(359, 'john300@h.com', '$2b$12$9On.IkzocHD4QEonbnYjhO7voHOTEjQy3sk8IBMm1FxnmcvFsQ/Xi', 2, 1, '2023-04-18 19:25:26'),
(360, 'john303@h.com', '$2b$12$Se3U9CN3f52/gJShJv/OSOZTAPlQXhp1UBJgoPcrZtnJJWPTbIne.', 2, 1, '2023-04-18 19:25:26'),
(361, 'john304@h.com', '$2b$12$qtX4FmhodkkLOWtbXDPRqusfPiovvjTNJVC5EXTgkQcfUppSQ3Su.', 2, 1, '2023-04-18 19:25:26'),
(362, 'john301@h.com', '$2b$12$dyQrO6pIXzfCUxZD8QYkKuOaOjeKsHLKLzDNHio9ah98NYcauTR0e', 2, 1, '2023-04-18 19:25:26'),
(363, 'john306@h.com', '$2b$12$K3TBzdoEi342T3jW1wnyOuoL6T.56sAfS3rWMMLeZiirKm9VeRabi', 2, 1, '2023-04-18 19:25:26'),
(364, 'john305@h.com', '$2b$12$yP/NkvjppMDwv46zwmVs2.OyvMfWdGUUlxY/zfP8Xd4zCnOAjurzm', 2, 1, '2023-04-18 19:25:26'),
(365, 'john309@h.com', '$2b$12$ecTOEun4/w6vKK6HMBaYGObba2NasK2/OsFZ7ZIEeqGSM36RtjZdq', 2, 1, '2023-04-18 19:25:26'),
(366, 'john310@h.com', '$2b$12$pqLfmrC6GwsNVaxoz74nKuxxJGlO98hO/SVsqWX469CAkR7huMQFm', 2, 1, '2023-04-18 19:25:26'),
(367, 'john308@h.com', '$2b$12$6TOWQejhkpQEnzm/foLRPORhMIdCBaf2QfrWGJ5dshcX2Dly1if36', 2, 1, '2023-04-18 19:25:26'),
(368, 'john307@h.com', '$2b$12$IplOYDX9Dkxi.1slcYtRx.yn1nvmswt5P7z5/DgeWiWvvgloCsd16', 2, 1, '2023-04-18 19:25:26'),
(369, 'john312@h.com', '$2b$12$6EiAEOWzafBxu9VrbZXo1uiCudgLsBh3mYdbEFX00aI4m1mX/2H5e', 2, 1, '2023-04-18 19:25:26'),
(370, 'john311@h.com', '$2b$12$xubPfL67ljid/h8UQ3wYEOkgjm2sKnIbOQGaTiD20iPOsPgwuQpSm', 2, 1, '2023-04-18 19:25:26'),
(371, 'john314@h.com', '$2b$12$wR7ym/jLchz4pYSYkW..FuvDyFsgxgPptmQZCFxTNRB0iDgXAnmie', 2, 1, '2023-04-18 19:25:26'),
(372, 'john315@h.com', '$2b$12$14mDeJecgm.SZo77.fTR7O0OiiXq8cYnSj/r8.wSjlgIMkRf75Ose', 2, 1, '2023-04-18 19:25:26'),
(373, 'john316@h.com', '$2b$12$YzxN4D1HfizMOmd46Tx6neztwf8pP4wcvVvTE/LpVn6nFRHG1PpxK', 2, 1, '2023-04-18 19:25:26'),
(374, 'john313@h.com', '$2b$12$CpEq9Hvi9MNy70yySjOxUun2strxUT6wuzyyxDhm7mh8ffD6XFbOC', 2, 1, '2023-04-18 19:25:26'),
(375, 'john318@h.com', '$2b$12$NnsyJgOxN4EhCsmuhA8W1.W7OXqfVfQPX8KkebzKPaMih6daLeGvO', 2, 1, '2023-04-18 19:25:26'),
(376, 'john319@h.com', '$2b$12$SFrFvroF6MWQmAmsKqv1F.HdeNihMOcC9wxKUoZgLX8Tt5xVPVFDe', 2, 1, '2023-04-18 19:25:26'),
(377, 'john320@h.com', '$2b$12$eMwz2BAodQsXvkJ8ygFmKOKJyGZ/p2HZTA3qtnmvQPby2PiaMPZpm', 2, 1, '2023-04-18 19:25:26'),
(378, 'john321@h.com', '$2b$12$muTkGqRxpeUzGaHyiZrVTeVODXF.CK0nfhGWUvqekuh8N3XhmqPIy', 2, 1, '2023-04-18 19:25:26'),
(379, 'john317@h.com', '$2b$12$/3Fy6vsA4A3yUuti5/xTdu8mdyJoqMBRUqRXTYRqj554cjnx2ptxy', 2, 1, '2023-04-18 19:25:26'),
(380, 'john322@h.com', '$2b$12$iwc1JcO/i7qgKhW3XRZEOuR2qnOtKJEXMy25jXe8b7i3Uh/dSwrry', 2, 1, '2023-04-18 19:25:26'),
(381, 'john323@h.com', '$2b$12$FNlZYP8MPM.APPXtSh/fv.hvoEfJJhhULh3sn8d1nljP5HoPsQuY.', 2, 1, '2023-04-18 19:25:26'),
(382, 'john324@h.com', '$2b$12$NP6blGW39Iq/w7KLrV5eZe.tID6iIU7tZthVogI9.m09.6r3NcusK', 2, 1, '2023-04-18 19:25:26'),
(383, 'john327@h.com', '$2b$12$y2UxKGWl5e4aNd7C2jRxb.gPbiuLHHjb8oKSxf/0jhPi4pU8u5S8C', 2, 1, '2023-04-18 19:25:26'),
(384, 'john326@h.com', '$2b$12$.eEE34eRGWxHk1m10xzQUurJtjom/IH1MZUrv4JMFXhZaUIDyW75i', 2, 1, '2023-04-18 19:25:26'),
(385, 'john328@h.com', '$2b$12$20NnsovCDolF8jy3LNPeFO0AJG6kCp97uQB161LDlf90.82lDtodm', 2, 1, '2023-04-18 19:25:26'),
(386, 'john325@h.com', '$2b$12$XfdLa1cCwnWNOfHFf8ya.uIL7D8qSTYgC/h6wRjsvBSsFYkpioQCC', 2, 1, '2023-04-18 19:25:26'),
(387, 'john329@h.com', '$2b$12$NkGj9TJIXZjdcZeDorGyhucGpBXOUlSd7ZD6lZovNjwBri4ryTyyG', 2, 1, '2023-04-18 19:25:26'),
(388, 'john330@h.com', '$2b$12$ZWPg5Ateql8V5WNkX4l6/OXB29XjGOf1k2w9Gho/4YisLTqTB1hAK', 2, 1, '2023-04-18 19:25:26'),
(389, 'john334@h.com', '$2b$12$CpB1yHn..10pjvFhBFbFi.euDE.dIuEsNExo42aaD/bQdBSQvmm8.', 2, 1, '2023-04-18 19:25:26'),
(390, 'john332@h.com', '$2b$12$iSZ6JsFyoXH6Tpxg9VS8ouKPbVn31VtmBLWpHjBBu5NBwWKOX0u1W', 2, 1, '2023-04-18 19:25:26'),
(391, 'john331@h.com', '$2b$12$VnkxJuqE5TcDtmhOA4pc0O91M4m6DdOcwYXxP8v24e0tOtgnLbTA2', 2, 1, '2023-04-18 19:25:26'),
(392, 'john333@h.com', '$2b$12$mWqWX8zozFt7hV7LOyTVEuvy.ME.oGY4pxnXVFQZRdJfvH.PBuSBO', 2, 1, '2023-04-18 19:25:26'),
(393, 'john337@h.com', '$2b$12$7vCFUzuUNsMZxQ6.TSj5yuDq41oORtyFfNTGaL5.Xc6OGDUa9OaM.', 2, 1, '2023-04-18 19:25:26'),
(394, 'john336@h.com', '$2b$12$Ennv5MwmGx8DMeIrs0X.8eyccKxdKhfiDnlvtAdQ2ZdiRbQdMMGd2', 2, 1, '2023-04-18 19:25:26'),
(395, 'john335@h.com', '$2b$12$wSRQbWUTpAUmxoC9S/twCe/lN68hP.1D3/hxw32KJB0xB4m4Gp5Uy', 2, 1, '2023-04-18 19:25:26'),
(396, 'john339@h.com', '$2b$12$6.7CueipxrcZFACBKfsKL.Xpl4X69RKzu.5SU3XXGnW7.6jknrxS.', 2, 1, '2023-04-18 19:25:26'),
(397, 'john338@h.com', '$2b$12$T7usT0OPLj0/LR/CT2VMTugDLidME2BAdGigbTDyRcXHdcksGP6e.', 2, 1, '2023-04-18 19:25:26'),
(398, 'john340@h.com', '$2b$12$JOPXN5m8g97GzBbRCxq.P.FhW1LCZ4cIp9HiA4vRmzptOJwbVanNO', 2, 1, '2023-04-18 19:25:26'),
(399, 'john342@h.com', '$2b$12$4V..0gVHW9vOnCLBHbhjYuUf580HzQghAmeOKiDfEbRXd8zrY/n6u', 2, 1, '2023-04-18 19:25:26'),
(400, 'john344@h.com', '$2b$12$mifXObonM0Mq2FyZ5wfW.uovzEhFry4DTDorFSNMzD.e90V9tiYi.', 2, 1, '2023-04-18 19:25:26'),
(401, 'john346@h.com', '$2b$12$ZX4NT1.uFWSrcRuX4RKhyeAWPPGfViBSrLkOmJiEseMkDuU2h6wXi', 2, 1, '2023-04-18 19:25:26'),
(402, 'john343@h.com', '$2b$12$trsmRazOQBdrc9hXArIxDOMahNqMswfGroH5AreLHMuqlp7J.lBPG', 2, 1, '2023-04-18 19:25:26'),
(403, 'john345@h.com', '$2b$12$7NBqEyW/JHngqOwlLUFLdOXVYCiap.wkBC7fnqAEnpGJZD5Utr1XW', 2, 1, '2023-04-18 19:25:26'),
(404, 'john341@h.com', '$2b$12$6zj.umTNcU9NOLhRD4nV6uo.mC/yCBoG9gkeIgJ3UUziQDLB7bh56', 2, 1, '2023-04-18 19:25:26'),
(405, 'john347@h.com', '$2b$12$IDwe9XXQSm.1b7/bBsSql.2EIGdwzAHxdeKv/VjT0eXmEZU3exi0q', 2, 1, '2023-04-18 19:25:26'),
(406, 'john348@h.com', '$2b$12$nkPrqop7.vsCs9EqpPeDIeZo6MIxjyjMOEUtFrPzwy47kIiBE8HjO', 2, 1, '2023-04-18 19:25:26'),
(407, 'john352@h.com', '$2b$12$HRCAaFOPWW2wKZmjxCRjgOjzdM5pUngLUGx0qLRBngALh/pVT9njS', 2, 1, '2023-04-18 19:25:26'),
(408, 'john351@h.com', '$2b$12$iDgAxmnArbnC4yjjqk.9NuJ8PtsQfTAzBbAkPk0WAV6uUY.EfLwB.', 2, 1, '2023-04-18 19:25:26'),
(409, 'john350@h.com', '$2b$12$L259RoQBeoQhfaoRrGcUaOJxeLK24U.TW3GK10v76P3fdEqydgOrK', 2, 1, '2023-04-18 19:25:26'),
(410, 'john349@h.com', '$2b$12$wbhLvF2oWsJ348X545o4r.AnJpHi7tJW/go8WT6E7FHv0XhxhcDNW', 2, 1, '2023-04-18 19:25:26'),
(411, 'john353@h.com', '$2b$12$D6m6rtm0T8MJVj.rV.WSD.qs.Ns530WrJA0vTqZ2Vk2VMRckWkpwG', 2, 1, '2023-04-18 19:25:26'),
(412, 'john354@h.com', '$2b$12$xRlku3MA4C/4OWiwyEsS9OLHlO.7.Jw/HGMbvt8PQMVI3arHightK', 2, 1, '2023-04-18 19:25:26'),
(413, 'john357@h.com', '$2b$12$IoPYKQiKkrlLErZnvh4sZ.6pQP0/9yNekns7Ar.jMmCHnuVabxczG', 2, 1, '2023-04-18 19:25:26'),
(414, 'john355@h.com', '$2b$12$z.8LyQ41FiO81kc8dJdbx.bNdSl.UWkaHNTRdhm9tWdDE82di6lAK', 2, 1, '2023-04-18 19:25:26'),
(415, 'john356@h.com', '$2b$12$9/oyghOBvLCf6Wu.yjx2wumJ91gwZ2JhLHiLIpp4hNapvtd2SxeFS', 2, 1, '2023-04-18 19:25:26'),
(416, 'john358@h.com', '$2b$12$yWFkw/C7.h5h0h776Ij82.lVN8Y68zLmhIMZp1CeJMV/XSnj/FNO6', 2, 1, '2023-04-18 19:25:26'),
(417, 'john360@h.com', '$2b$12$zXjrNwlRtfNBvZLTGv0tXOg/5X8DYWMqlseC68CgqvkoJyysTLR8O', 2, 1, '2023-04-18 19:25:26'),
(418, 'john361@h.com', '$2b$12$h7q4enT.MJawhILisWTw3OQZLWAMYKRB0jPCxJvoBmRblRcv8o23u', 2, 1, '2023-04-18 19:25:26'),
(419, 'john359@h.com', '$2b$12$u27Z3zub8ea4LTCFgM/Kee7Evb1YRwtn7vwvSUqBAbby/cK7nmxZ.', 2, 1, '2023-04-18 19:25:26'),
(420, 'john362@h.com', '$2b$12$zO7qpZV7dVJQqVNNZ5VDxuHPOrzh3B/pHN/CcylonyXn78hrcpTXS', 2, 1, '2023-04-18 19:25:26'),
(421, 'john363@h.com', '$2b$12$mY9zNPtr8lTlu3KD7clTq.9OnjZH66XfuGDwxQSelbCXRvSDNTV6y', 2, 1, '2023-04-18 19:25:26'),
(422, 'john364@h.com', '$2b$12$e9u/IAjBbEztiCceyYJoVell3b2/cnqkqe8gJ17RdXbH0UuhEyD/2', 2, 1, '2023-04-18 19:25:26'),
(423, 'john365@h.com', '$2b$12$yJdmg4Fo744D4WPNkdK9F.lUat9SZjpMbiFNjMNdYZlB2Z1HBQJw.', 2, 1, '2023-04-18 19:25:26'),
(424, 'john366@h.com', '$2b$12$g1iN.JBpQMfFRNWAFFw11ekaFEbEJCY2NuO6TDAXpTYF/ETPTpwjO', 2, 1, '2023-04-18 19:25:26'),
(425, 'john367@h.com', '$2b$12$HWjmH62x/wBYC5/12at0fexekEpkYMAhoCgnJ1fxWOgWk.debG/KC', 2, 1, '2023-04-18 19:25:26'),
(426, 'john369@h.com', '$2b$12$wKqBzeHE3ZuYq6KtB7V9Juo2AUz0hMJFPPdbm/nnOqyj9bAR7IHeG', 2, 1, '2023-04-18 19:25:26'),
(427, 'john370@h.com', '$2b$12$ax3eCSHcL0Nn2oVHofp7weHvagOQwl1SvNXr1rTET1syEvLi6RRPS', 2, 1, '2023-04-18 19:25:26'),
(428, 'john368@h.com', '$2b$12$Tf.YamMt3s78Tgf3spAm6.dzJdIJgVxF0WKAqtZ469rF91yT.49IS', 2, 1, '2023-04-18 19:25:26'),
(429, 'john372@h.com', '$2b$12$j7vAVFt8r0TWwHcXfPDok.ClhTsLfJJ5oBdNEDI3Fs6z3BqazVdce', 2, 1, '2023-04-18 19:25:26'),
(430, 'john371@h.com', '$2b$12$.gAqHIUaBva1j1SnneuHe.Q4queSwcwEJQfqLMJ97j.eGxvYuiESa', 2, 1, '2023-04-18 19:25:26'),
(431, 'john373@h.com', '$2b$12$z/Nax6qZukjDL41pOPvkSOXLd7rWlJWSNbfoqpsdTRxRPqduWMZhy', 2, 1, '2023-04-18 19:25:26'),
(432, 'john374@h.com', '$2b$12$W9WFmPB6yLZgWCMZ25EzReSyoD1XMnqfUfDQbCznN8fHcOAo/17iC', 2, 1, '2023-04-18 19:25:26'),
(433, 'john375@h.com', '$2b$12$mro5m0vq8kCZGwcUjbVWxuuKnVAbIRr3zMy4b/eVW/kFvBpdN7uAK', 2, 1, '2023-04-18 19:25:26'),
(434, 'john376@h.com', '$2b$12$FtnLZSxN1h8xEUq4qY0WlOdXYlkQBxWNU5fhdBd5U/toTxmWU7Fd2', 2, 1, '2023-04-18 19:25:26'),
(435, 'john377@h.com', '$2b$12$WCX/uhZuyhe6biAb1I9nmeJwExzQQc4oMHSDb/Y86wsg491ZJMo2m', 2, 1, '2023-04-18 19:25:26'),
(436, 'john378@h.com', '$2b$12$juNIjH7VjZYSPizcVd4c5.VdC.uYDJf2J59OApALJi1IqdoLcCdxa', 2, 1, '2023-04-18 19:25:26'),
(437, 'john380@h.com', '$2b$12$7vmqhq2LDAsWpUki3QJLc.RjXmURWToQ2C.tJuYqHMNS5rMNGrbZ6', 2, 1, '2023-04-18 19:25:26'),
(438, 'john379@h.com', '$2b$12$lsM81dpJi4X9MRwNEqMrruiaeoiMI8AbuuvFxjVcyc2nidZyqDJs.', 2, 1, '2023-04-18 19:25:26'),
(439, 'john381@h.com', '$2b$12$VEn5fEVnBKYLPfDBejLHGewK2xA32cjS1NegBsacTwWbS98kZkz9.', 2, 1, '2023-04-18 19:25:26'),
(440, 'john382@h.com', '$2b$12$VNTxvX3n0neOMZc99dlSOuWPXtDdiQ0whpLknGjL8i8v8692W6Ky.', 2, 1, '2023-04-18 19:25:26'),
(441, 'john385@h.com', '$2b$12$YCvlaGgV37HA04yk1mqWSeSrRxc.0ZOireMwWsN79kSiCybxJzzvO', 2, 1, '2023-04-18 19:25:26'),
(442, 'john384@h.com', '$2b$12$HGcPPwD3QIJMeBSDiyymkeDo6OdaUP.Lgb/10PeJcZXn/FOpzs0Je', 2, 1, '2023-04-18 19:25:26'),
(443, 'john383@h.com', '$2b$12$zy4ijuVC6UeP7GjtrOSKiuCCB5mQ5x.KTkvMmgfY1Pc0U/N9nmZBO', 2, 1, '2023-04-18 19:25:26'),
(444, 'john388@h.com', '$2b$12$GqcPkdgh.XH19d/HoRlgIum4ssuw7ptvYCWORk9KhWuBWdtuEUajK', 2, 1, '2023-04-18 19:25:26'),
(445, 'john387@h.com', '$2b$12$SUmLrNMoawz/aTJysXMv8eYJSb03icAGv3HK5Vdxp5Y/YQ01dQEmi', 2, 1, '2023-04-18 19:25:26'),
(446, 'john386@h.com', '$2b$12$GXVcbjnY/zc649Qcq3Hfv.OjkKRSmGEiSI3nFlztLwMsJ4/l7n.y2', 2, 1, '2023-04-18 19:25:26'),
(447, 'john393@h.com', '$2b$12$w7kZuGDDclGAJpef7RJi7OD.GvWRkbdkJnsQw0alSjuJsBdKvZ1wO', 2, 1, '2023-04-18 19:25:26'),
(448, 'john391@h.com', '$2b$12$1hKtvdnPY/oK81YnbL.43eav5RZA1m3xNd4go.WmY4/P5T4KkoVqC', 2, 1, '2023-04-18 19:25:26'),
(449, 'john389@h.com', '$2b$12$sq8lCIJprRjkZ3LxatdlTed8SBA1S.6cuamQKEodye4M4ZZBCoxHu', 2, 1, '2023-04-18 19:25:26'),
(450, 'john390@h.com', '$2b$12$3F1PJrCXuRXIOyql/vraweoAMVcB40IHL3ceKW5TA0XS3n5SC.RLW', 2, 1, '2023-04-18 19:25:26'),
(451, 'john394@h.com', '$2b$12$uTH9fK9kp14vuw/z3.Sp0.VVofkteQqFXGBSXijyQ9EiGDlSMTh0q', 2, 1, '2023-04-18 19:25:26'),
(452, 'john392@h.com', '$2b$12$E8gQoO9J56e.jxRneIKU5eUyY8GnKzUWSS/iGDLtqWIOd20j3uBdi', 2, 1, '2023-04-18 19:25:26'),
(453, 'john395@h.com', '$2b$12$iiLIkginXCWIdUsG1rLodu/ZPnLyQv1xrsEAP7vdUTt63AWvAXa6i', 2, 1, '2023-04-18 19:25:26'),
(454, 'john396@h.com', '$2b$12$C0UewawZET5bPlKEmjKf8eDec5Nw/7HJ.7Wpx/eal/TJN5PR9nYRi', 2, 1, '2023-04-18 19:25:26'),
(455, 'john398@h.com', '$2b$12$sgUGwbuNhRb5IfqSXZNo..cBkqt2s7zJ6iHPCZZ8MhjGvHkD4K9be', 2, 1, '2023-04-18 19:25:26'),
(456, 'john397@h.com', '$2b$12$wzH2vFoS3r7fmeLw9eoSNOjQcNsswDswVPhiJFWbqCcweA/GeN0W.', 2, 1, '2023-04-18 19:25:26'),
(457, 'john399@h.com', '$2b$12$cHo/SkFL/6YFCNjIbb2TXuJ8Q2Di0.Cm7MOdZ6S4YF4TXI1.xsbEi', 2, 1, '2023-04-18 19:25:26'),
(458, 'john400@h.com', '$2b$12$NCZXAQYUX8LvIIxWFDxypur05BPDzN/DDcTCXa.bEnBdz91XAP.qG', 2, 1, '2023-04-18 19:25:26'),
(459, 'john404@h.com', '$2b$12$bnwto16bJPwu7zeH38CFlOe0uNsS/Ntj1JwABXb6sev59UQarB9ta', 2, 1, '2023-04-18 19:25:26'),
(460, 'john401@h.com', '$2b$12$MaUX2qsBfOvdLY0LPIBlgetO5vxNysAU91C.5TJtNBdbh9Z3KPRzW', 2, 1, '2023-04-18 19:25:26'),
(461, 'john405@h.com', '$2b$12$T0QHWkdR/ey3d5qtZa6To.TuDb9hPgWnlY.3dg3arT.7Tl6NmcUrG', 2, 1, '2023-04-18 19:25:26'),
(462, 'john403@h.com', '$2b$12$QlCYdGmR0vjS9Ecft04Xue6VUz5QmaouH3PRouGWOUZBmpb7wtvDW', 2, 1, '2023-04-18 19:25:26'),
(463, 'john406@h.com', '$2b$12$nGP.Kj4QukzKaXZmW/MIW.HE3UPBfu/NPbYxdz5EBg31/K4xf6Li.', 2, 1, '2023-04-18 19:25:26'),
(464, 'john402@h.com', '$2b$12$hdeNshxv/RWWnFSaio/XHenWRhkpV/MAH89iJeoxtgHOTRB1KOvdm', 2, 1, '2023-04-18 19:25:26'),
(465, 'john407@h.com', '$2b$12$Dwe6ETyMVLlVefwMDYLpzOnoLqCcxQPy5uFqcogVXOb6YN6czn9a2', 2, 1, '2023-04-18 19:25:26'),
(466, 'john408@h.com', '$2b$12$5/gptl.iywOFRsZPZRKn..BSWxTpHrlJ86UestB8K0SKSd/GqpskO', 2, 1, '2023-04-18 19:25:26'),
(467, 'john410@h.com', '$2b$12$akrxC09Vx5xeCbp8aZPFz.LGMRWyhOLTjFfEztPdQL.9nSUST0Kzi', 2, 1, '2023-04-18 19:25:26'),
(468, 'john409@h.com', '$2b$12$lkUIhsEDH6A2GQ.XUN3Yc.maaCO38nZdU5TGl74y5lx4/xMZrJnYW', 2, 1, '2023-04-18 19:25:26'),
(469, 'john411@h.com', '$2b$12$IHrerKXodsKK3/4qISX.1uDIBMuTE0t9fFQLEAv6RRba7vmm2z.Xe', 2, 1, '2023-04-18 19:25:26'),
(470, 'john412@h.com', '$2b$12$vc6aeEL08P5wJrIcpRcT..Bma3F/C5XeYZct2EDdssR3lAPWKpC8C', 2, 1, '2023-04-18 19:25:26'),
(471, 'john414@h.com', '$2b$12$qBYT36D/7Ln/o/OTEyUqWeydLNNn5MR3tZW/gMrQR90BSOmrtr1i2', 2, 1, '2023-04-18 19:25:26'),
(472, 'john413@h.com', '$2b$12$LJRlJxrgTZGw6.aajZP8ieO6HH3HjvJsYCDqrpneCnY/kP3qQMwHW', 2, 1, '2023-04-18 19:25:26'),
(473, 'john417@h.com', '$2b$12$NsxMJ.uMPm.FVmd2oc3wM.csBdpMst6QCHza2w1.6oqrqlVGhQPOe', 2, 1, '2023-04-18 19:25:26'),
(474, 'john415@h.com', '$2b$12$.Uk175bH8xRQuba8CZ/VOuCTkSlW0.mjIrKGQ7qY302vd15m3h9cG', 2, 1, '2023-04-18 19:25:26'),
(475, 'john416@h.com', '$2b$12$.6u4DTNe9K6BALWKaHYseuriG6OOzTmwW7Engw824hJBpV9tknMCS', 2, 1, '2023-04-18 19:25:26'),
(476, 'john418@h.com', '$2b$12$TMGyHhSa4kzdm4bx2gCenOBRYg1t4CCnzV1xoUL22pmtZn4UHMkhu', 2, 1, '2023-04-18 19:25:26'),
(477, 'john420@h.com', '$2b$12$MZPSFioFNskBujNEBMiHluLCDgw6bkW5Jfac96EBbxnAI2IN6Xfl2', 2, 1, '2023-04-18 19:25:26'),
(478, 'john419@h.com', '$2b$12$sX5p522oEAykySKUf2UYjOQt5Ha1ochy9G1/b6GUTp2Z0xZFjzRGq', 2, 1, '2023-04-18 19:25:26'),
(479, 'john423@h.com', '$2b$12$5ES/pigHbKccTFmVaOkqu.zNqzhgpS/mvQkctv2.pDzDlz1fda3m6', 2, 1, '2023-04-18 19:25:26'),
(480, 'john421@h.com', '$2b$12$dFn6rUXnm7OWP8YpMYQj3eMtedfMUJDOA1Ht0934YtMW5e2E7NJxu', 2, 1, '2023-04-18 19:25:26'),
(481, 'john422@h.com', '$2b$12$1mo0pA.a.qbO1ui3yWh0Y.rcHjDYn4.U3.d0LXCe54XvRx2/ahdMG', 2, 1, '2023-04-18 19:25:26'),
(482, 'john425@h.com', '$2b$12$z7FQlVKAiKV82pQcDPeGsecIZaKQi3JLOIzqvmOJ7g7K/fqTfK1km', 2, 1, '2023-04-18 19:25:26'),
(483, 'john424@h.com', '$2b$12$yleo9j9GORsxE.8STpymKuavtHpcN2F9f4lRZwX8Z/dZg4YYepc7e', 2, 1, '2023-04-18 19:25:26'),
(484, 'john427@h.com', '$2b$12$MFhUX4iLlqaIbnGZfsBk1.nyfsX.6R5zYKFFeTxFQdFx9EnqX./kC', 2, 1, '2023-04-18 19:25:26'),
(485, 'john426@h.com', '$2b$12$cpBV/a1M/w.ZZroNjnzj7.pd/8syuMprOdaHQm4ZIcFPsOT/5QZoe', 2, 1, '2023-04-18 19:25:26'),
(486, 'john429@h.com', '$2b$12$.JzKiA/HZjy3BrNnMdBQVelUPPesGwz1M3wEgEs4GoFQWZM5Axa8C', 2, 1, '2023-04-18 19:25:26');
INSERT INTO `usuario` (`id`, `usuario`, `password`, `id_rol`, `estado`, `created_at`) VALUES
(487, 'john428@h.com', '$2b$12$rTTgqWLFAlUkAxFtciT7ou726T7Px2Njw0yjvxEeXykCc0qwmdKYm', 2, 1, '2023-04-18 19:25:26'),
(488, 'john430@h.com', '$2b$12$Z1astgs6D079wyRgIoyks.10iayaGf1bXWBbZO4HGidHKPsxq19Au', 2, 1, '2023-04-18 19:25:26'),
(489, 'john432@h.com', '$2b$12$Z34FXGOWHsEhRYK6xn.0A.KyaoWx7yUNSGDeg6fN5k8odrpMV8KHa', 2, 1, '2023-04-18 19:25:26'),
(490, 'john431@h.com', '$2b$12$we05e/pK.IYj6N.8vog8POT7nlkFssBH9Y9DqJrAzLJeQgRhVjr1S', 2, 1, '2023-04-18 19:25:26'),
(491, 'john434@h.com', '$2b$12$RFPfm2PuKCJHcwg0DT5xtuiCXhu4tMwQRe7dQKpfaXcR6vXvULX1S', 2, 1, '2023-04-18 19:25:26'),
(492, 'john433@h.com', '$2b$12$YZemGGcX4lKGQkdmFVBWAuHkDh0V1m1kUFSjL.kPN2O3OYNr2mSzC', 2, 1, '2023-04-18 19:25:26'),
(493, 'john435@h.com', '$2b$12$Ll8wP6er0pY.Fn8r3I.14O4MwmVMqtNmELN3zCbwujI2p1TklP2h2', 2, 1, '2023-04-18 19:25:26'),
(494, 'john439@h.com', '$2b$12$AQgrT7BnQWyWnuXIQRS9w.niembHttUWHJf6e6hk9cZU92Ya76lBe', 2, 1, '2023-04-18 19:25:26'),
(495, 'john438@h.com', '$2b$12$OpNT0q1DwzahLu9vIa5Mi.LqtL9ON4mgpPpbv7NbedPcrtVZJbyAi', 2, 1, '2023-04-18 19:25:26'),
(496, 'john437@h.com', '$2b$12$RLka3CHRVAtsHwG1zncjUe/oXgBbh6e3NYjxo8P2YVoQcFMB7W7Dq', 2, 1, '2023-04-18 19:25:26'),
(497, 'john436@h.com', '$2b$12$NRVZSQSrqb8o/li5.gPGEOBKTJ5ry0eCikIQ2ML6CymBTCnwXePkm', 2, 1, '2023-04-18 19:25:26'),
(498, 'john440@h.com', '$2b$12$3R3yFd1Q64HRo1iAginGT.nMXQQysuhSg3nrdui9cBt4z8KjGbcCy', 2, 1, '2023-04-18 19:25:26'),
(499, 'john441@h.com', '$2b$12$MRBMIY5EhlIDYR0MRAdPTemUwmpAvmReNTY/Y4TiHHxrhw2ihxU52', 2, 1, '2023-04-18 19:25:26'),
(500, 'john444@h.com', '$2b$12$6MclqY4xvtE0OF7TrPUX4.l3ZFBfedOBgWyhSDe6sRuPpgh.tHK3G', 2, 1, '2023-04-18 19:25:26'),
(501, 'john445@h.com', '$2b$12$jeLILf2dT/Ru5PXy0UwSqOjUmKlIJQpbHzA6Z1Lxbhh2NzXs7Ph0.', 2, 1, '2023-04-18 19:25:26'),
(502, 'john446@h.com', '$2b$12$pJwOjSGpSxNcceLKThHhJeObNFY2F9wNWKmDerdBIDmUy9QKuav8W', 2, 1, '2023-04-18 19:25:26'),
(503, 'john442@h.com', '$2b$12$fVVHwdnEHlNh4a8iyBRNsOIlmCLX5HpUiUcqKs2bdR0eaWvC14GOm', 2, 1, '2023-04-18 19:25:26'),
(504, 'john447@h.com', '$2b$12$YNjvWf043alLeA2NIQZe2uCvGE3P8JqXEMhTflI7M6qz9diHNAHuO', 2, 1, '2023-04-18 19:25:26'),
(505, 'john443@h.com', '$2b$12$mPWTGVzpaB6lHYWp4G8ABOkg7Ki2CBf4acgLrs1yLKAQo1TJy/xWm', 2, 1, '2023-04-18 19:25:26'),
(506, 'john448@h.com', '$2b$12$UmQbkK/ToAfz736aIFm3TObIC3/3eFAvU8/2s7JcHc6rsETp9SDhi', 2, 1, '2023-04-18 19:25:26'),
(507, 'john449@h.com', '$2b$12$6yRyD9vsglaw/HyW7Uy0tOyjb0y89.IQfv/3r1C0d0FOiVk/qSVkq', 2, 1, '2023-04-18 19:25:26'),
(508, 'john451@h.com', '$2b$12$lyowoY0/AojxvJqyWpyTBu07eb/Asj60K7rTG12SFaQhW1TFnxbce', 2, 1, '2023-04-18 19:25:26'),
(509, 'john453@h.com', '$2b$12$TbdskfgiEtMk.rHt3cnNy.1KpY5OFXqP5hyQvT4LXGVsB8LveQ9hO', 2, 1, '2023-04-18 19:25:26'),
(510, 'john450@h.com', '$2b$12$WTz1.pknaMCufr4D1qcTHuSCSYxmQbUEHYNdkmdknVTgXqi/Fceim', 2, 1, '2023-04-18 19:25:26'),
(511, 'john452@h.com', '$2b$12$Q54ETGUJ3FuiojPxuqspkOwHguAiBwXeQDzXNxn6gTKn4Gwn24fI6', 2, 1, '2023-04-18 19:25:26'),
(512, 'john454@h.com', '$2b$12$DnxONX26kb7P.AnyYO96iOzIdpQYmbfcaGiM3o/FEV4AyTJoyw0um', 2, 1, '2023-04-18 19:25:26'),
(513, 'john456@h.com', '$2b$12$59UyJpqsUwb/lI/MiTwHOOQLhu1AXkxGIuDgYIjQFtDXuIrnGg6K.', 2, 1, '2023-04-18 19:25:26'),
(514, 'john455@h.com', '$2b$12$4vWXXtXLa.lrEFneFLcUo.9mqptWgctnlrG4.WLQBCN3xl.W8.IjO', 2, 1, '2023-04-18 19:25:26'),
(515, 'john457@h.com', '$2b$12$WwWzXWcMJJi/bGOK6xH8v.SLUbR/uNGe4ACLklE30jVjg2J.A95RG', 2, 1, '2023-04-18 19:25:26'),
(516, 'john458@h.com', '$2b$12$OKUKN64VCfAsd8nszaxBHuY8vgbVlFvFs40CsI435YxNAQXQ6JU/q', 2, 1, '2023-04-18 19:25:26'),
(517, 'john459@h.com', '$2b$12$x4I4oh0XAay/eE/pq49hb.Zd3tHmIRHxoKp/6ZVfS0v0vFBDDWY0.', 2, 1, '2023-04-18 19:25:26'),
(518, 'john461@h.com', '$2b$12$Aox3SYb3qCYN4wm4USxX6.BxkuseIRHnXOEXeneulpU2ZEjTuUNDy', 2, 1, '2023-04-18 19:25:26'),
(519, 'john462@h.com', '$2b$12$UT8bWZ.3oFi9HtmkukKb8Opq1.eDbOBIvYlgKt4cOOzdRShhS6xvW', 2, 1, '2023-04-18 19:25:26'),
(520, 'john463@h.com', '$2b$12$.R/OoDs88VD84rVFxcVSweqVfIejVvc./N7cLtiKR7IMy6Mx/YuDW', 2, 1, '2023-04-18 19:25:26'),
(521, 'john460@h.com', '$2b$12$K4epcKjiiyO7yhy1Y0xbP.UHaidCwy/FOdlDSHE8T6ovheBIP.vr6', 2, 1, '2023-04-18 19:25:26'),
(522, 'john464@h.com', '$2b$12$T4ZnlLxF//EvY5g1ObqzuuOiV3yyk54y4ydfm1sE/G3XtMrJqDWjK', 2, 1, '2023-04-18 19:25:26'),
(523, 'john465@h.com', '$2b$12$yK/ZQome17htFVlGbdzr8OIkZhEWv9iEotbGYEFE6DVyoM.ntiU1i', 2, 1, '2023-04-18 19:25:26'),
(524, 'john467@h.com', '$2b$12$/9RMIdLS2SViQrmX9OkueO04btZk.nAC3OKZwi6vyLTjy0DpEl0vy', 2, 1, '2023-04-18 19:25:26'),
(525, 'john468@h.com', '$2b$12$VVp.46UyNphXJP/FTXZi6.RGE9GFp8.tf5.yY//xjFbARJcDNuWjC', 2, 1, '2023-04-18 19:25:26'),
(526, 'john469@h.com', '$2b$12$S0mdOf4zD1KZkFgiPNCJVOUHa5ey5EkXRDbe72/iMfUPGo4NXDXri', 2, 1, '2023-04-18 19:25:26'),
(527, 'john466@h.com', '$2b$12$JJD6ZWa4eSxBShnkT//X4./qmxnbkBUGo/qS.OTc5bKFtbr7cZpVq', 2, 1, '2023-04-18 19:25:26'),
(528, 'john471@h.com', '$2b$12$iu4SzuL0RyJn/dWIc1pQBe2BusJe2MYhk1gq3DKFCHKXuHI9yPfRm', 2, 1, '2023-04-18 19:25:26'),
(529, 'john470@h.com', '$2b$12$SmXHg3MPr7Bqda29eq4puePhFAE8Wd7q.2qfQmOP14bgHBsmrFvCi', 2, 1, '2023-04-18 19:25:26'),
(530, 'john472@h.com', '$2b$12$mRwSxGaNVb8PsR.IvjZ2MOH/25RwbCUlFsjwjwOFbV0jaMkwoW5QG', 2, 1, '2023-04-18 19:25:26'),
(531, 'john473@h.com', '$2b$12$FAIa0WxJvck1fIQAfmxp3uSNt726VEAu2Xk3ABL95eY75jR5KgXp.', 2, 1, '2023-04-18 19:25:26'),
(532, 'john477@h.com', '$2b$12$g2UcUPcc2INdyQ37zE/p8.GdwF0yWYZEy/qgVaF8D7gS5pY7ggLT.', 2, 1, '2023-04-18 19:25:26'),
(533, 'john475@h.com', '$2b$12$1YEGDeh53W4O4JI1EIQSy.PFB5LO/ib7joAqFuiCxBG25vN3sLO7O', 2, 1, '2023-04-18 19:25:26'),
(534, 'john476@h.com', '$2b$12$e7dGZtZzX3hojAPrTLWZ4OSjEl./dKiawJ4Pvr0PXSXaqwmh4PJKK', 2, 1, '2023-04-18 19:25:26'),
(535, 'john474@h.com', '$2b$12$h1Po.fuL22bmA.Z.jzrVfORQpGbUWZxJQ5P7Vp9/FazRVjqIjOjrO', 2, 1, '2023-04-18 19:25:26'),
(536, 'john478@h.com', '$2b$12$Iu/RNSSLzFo244mLuOToJ.7g27YBY25Vtb.ur/5WvQyAOdyiyqAq2', 2, 1, '2023-04-18 19:25:26'),
(537, 'john481@h.com', '$2b$12$CbYsFTnT.iNhEOqxsYOGLuhCpfLwbnCUnuBBvqvxfdPepJsrr2fX6', 2, 1, '2023-04-18 19:25:26'),
(538, 'john479@h.com', '$2b$12$DgrvCRK2Rp9XfD4fv3p4qelNfxcgrtnWnjNsSbn8pkXSjo3zoyYX.', 2, 1, '2023-04-18 19:25:26'),
(539, 'john480@h.com', '$2b$12$LvWKGk1tOea5eZGtJ9doweqsv0.RG1v.UNcQjHh1KBI1ClBj0hxrm', 2, 1, '2023-04-18 19:25:26'),
(540, 'john482@h.com', '$2b$12$DgfesnDvmM8NvUvIicgQ8esHj0FbNwdou0VtEXyTQC8jE2UBAgmqG', 2, 1, '2023-04-18 19:25:26'),
(541, 'john483@h.com', '$2b$12$HAswxnTbnmfP2eHmQb08aeCzat.DQsUdWg1RNPxwTKlnYK9vJ3bCO', 2, 1, '2023-04-18 19:25:26'),
(542, 'john484@h.com', '$2b$12$Ghs3cjEffRHf/bNuTFe2hefzlmdalx4dvUoBRblnM9NT1hx3IFrf6', 2, 1, '2023-04-18 19:25:26'),
(543, 'john487@h.com', '$2b$12$9B2dIOYj9N1z7MGWb2SShueYnMPIIAV/GtK.Rgm4w3UEoSRsN3Dw6', 2, 1, '2023-04-18 19:25:26'),
(544, 'john485@h.com', '$2b$12$06KZDmqP7PpYs1vD4eJMROfrsmv2p4/jrD.9G9uE2ehwqlEz26JBG', 2, 1, '2023-04-18 19:25:26'),
(545, 'john486@h.com', '$2b$12$J1T9Jv0NzGhyBVnF9DPn2Ocb5YkwAGtLvA.rhG3gRYvh8aAvYdDvm', 2, 1, '2023-04-18 19:25:26'),
(546, 'john488@h.com', '$2b$12$iFeVBdPZZG1FHfQwdNtRRucUhXbax86OseQW9vKXhNmww9jxuuCYO', 2, 1, '2023-04-18 19:25:26'),
(547, 'john489@h.com', '$2b$12$Fe6QvK0KOHJfrfHKOeT7Q.ZzvCyaCV/6mfTmRUwM7syZ5PaJaPGjW', 2, 1, '2023-04-18 19:25:26'),
(548, 'john490@h.com', '$2b$12$a4g1QIruUD.rBPjPTElHZ.8DjLx9YZQNoMTTPkPgjcqCKdmVb5tcO', 2, 1, '2023-04-18 19:25:26'),
(549, 'john493@h.com', '$2b$12$ZZnpzY6hiCx/KDPh3LMmmOgDxqeOjMfXh4QOUY4BM0s74AbluY3Nq', 2, 1, '2023-04-18 19:25:26'),
(550, 'john491@h.com', '$2b$12$jAHREuOUAYqfbbA45ka.8.bNZzoRFPWpUPVBsXgizpZTHeYLfOE9a', 2, 1, '2023-04-18 19:25:26'),
(551, 'john494@h.com', '$2b$12$nprwD0BvNOohs1wW9S/rv.sV.MtaRegg9G8FSaIE1ovOD5ikIWRsC', 2, 1, '2023-04-18 19:25:26'),
(552, 'john495@h.com', '$2b$12$uR7jMLio77POQZkaSLLtuuSYW5vtw/2TmSqAebl9WcO1IkBpb41ZW', 2, 1, '2023-04-18 19:25:26'),
(553, 'john492@h.com', '$2b$12$Wp8ijIH5bQl.H4FJtgWdBuSnBq9hLOCYPDo9yV2WzKw/7RoAcwV9i', 2, 1, '2023-04-18 19:25:26'),
(554, 'john496@h.com', '$2b$12$bIGYd3nGcWapOw/UYME.3.cPUNK2JMbmb06R/VuNUvwvK2T2IDTwK', 2, 1, '2023-04-18 19:25:26'),
(555, 'john497@h.com', '$2b$12$oHnF/3OiW1ijbauPZeSSwelvgi5HgtFvkDRgbOuMb5K0FPmSHuBpG', 2, 1, '2023-04-18 19:25:26'),
(556, 'john498@h.com', '$2b$12$GB7AYK//aSBpnAHxVNlPDeraIxO5dvalqQ5RKslXTHRW.PuWksMz6', 2, 1, '2023-04-18 19:25:26'),
(557, 'john500@h.com', '$2b$12$LAV6mRBBiRqDlg.lLY1STuzpxkQhN1RcOBy7mv6ZmO7oQXrrrjAXm', 2, 1, '2023-04-18 19:25:26'),
(558, 'john499@h.com', '$2b$12$OTWMLeAXeUzhyiRY1Z9k8.aHNxzudB7wvjj2/y2hqmB4PKHcS4iTe', 2, 1, '2023-04-18 19:25:26'),
(559, 'john501@h.com', '$2b$12$rx8kHGqBbHqDc83828Kd5OGYOIsFCzl4.JjsXnnl5l3.ygHyMoTVq', 2, 1, '2023-04-18 19:25:26'),
(560, 'john502@h.com', '$2b$12$6TOgrplusRz/R4DJp.emSO7LM3McO0XEh4996T4ixeeGiCvg9LCPi', 2, 1, '2023-04-18 19:25:26'),
(561, 'john503@h.com', '$2b$12$EE7vPP5JZeSCXRT0Ija42umpTZH566kJtXA4fGIEqO1YI7kZwuXXO', 2, 1, '2023-04-18 19:25:26'),
(562, 'john504@h.com', '$2b$12$ZGHPx/0PlMyQLdNZm1r66.RMcL.EutcZ/PugtLUKPxhp54539aFLa', 2, 1, '2023-04-18 19:25:26'),
(563, 'john507@h.com', '$2b$12$QRcS3ngoowGJRhoCZxcfQe1Kc.lsYkdzS/6bmbtEHWkWrROLL1y4q', 2, 1, '2023-04-18 19:25:26'),
(564, 'john505@h.com', '$2b$12$YNKA6e4zbmpWpEHwArThs.kHm8HNL30Gn6PPo6mewPzsPyCIGVSjm', 2, 1, '2023-04-18 19:25:26'),
(565, 'john506@h.com', '$2b$12$qI5.V8Cf5YMX2/c6680Pd.O2ccadNJ5u1WvXhOj7NUGZ701C8OGau', 2, 1, '2023-04-18 19:25:26'),
(566, 'john508@h.com', '$2b$12$FbALAcrEy6j9qRqaRHE6RugmxxViYZmZpWRKSjLwClWCpMq8sSHUq', 2, 1, '2023-04-18 19:25:26'),
(567, 'john509@h.com', '$2b$12$IEOp3p4s85jJPqQ3K4CtRuPldONEoNb2cTSmjhUimslWc9/jFXrjK', 2, 1, '2023-04-18 19:25:26'),
(568, 'john510@h.com', '$2b$12$w5AIYwcmChb81VKt09I.COXFdnkZ9JhXoGbDtpuZWgyhG/w9WpX9y', 2, 1, '2023-04-18 19:25:26'),
(569, 'john512@h.com', '$2b$12$jGsn7WEVH3qGOS7Pm8BiEOvmqMxSvoXdKwXg1SI.3IE860efHhVRC', 2, 1, '2023-04-18 19:25:26'),
(570, 'john511@h.com', '$2b$12$Q9h425xAEIUPv5QvMjwmUucblLmelipgbl0pK6HOK5FMq90LOTVVe', 2, 1, '2023-04-18 19:25:26'),
(571, 'john513@h.com', '$2b$12$SK.ZvdKsxBUTchi5FSEF8e33VmLkUcPtj4HVZHg5G/Ix1eEZYa0Wa', 2, 1, '2023-04-18 19:25:26'),
(572, 'john514@h.com', '$2b$12$sPKcSjop2VgsAdEq8kcAW.VawoUH0yqXovh8.qaDv5hPp29DOkOri', 2, 1, '2023-04-18 19:25:26'),
(573, 'john516@h.com', '$2b$12$M1GQarL1Ghf1VnyLiAaiueWCCzg6Qy0/NFTg53U8cTaNBmS63bxge', 2, 1, '2023-04-18 19:25:26'),
(574, 'john518@h.com', '$2b$12$ezo2dH1rvUiRWTlWGiNrHOVDEzsf9Hp7.Lb11XbU2UnWlWy45jNfa', 2, 1, '2023-04-18 19:25:26'),
(575, 'john517@h.com', '$2b$12$seIuq.4fGimrjrdB3x96OOjGOc.SfAbgvoLw8E/0YzHarUJLI7Riy', 2, 1, '2023-04-18 19:25:26'),
(576, 'john519@h.com', '$2b$12$aaXHWN/rOnQ44uIND3mzVuloE6JWhHwEgPR6EqaOqhLz8ZNRd0IFa', 2, 1, '2023-04-18 19:25:26'),
(577, 'john515@h.com', '$2b$12$/T4XVItpy86jIxx2hVFE1.x/ATznvOtalgT8.YK3LSX8CVORSVsYe', 2, 1, '2023-04-18 19:25:26'),
(578, 'john522@h.com', '$2b$12$5XEjI2lObUu383GLDPvzs.rtkRXZg/7g4DxpAwggho3wCODSZHNkW', 2, 1, '2023-04-18 19:25:26'),
(579, 'john520@h.com', '$2b$12$nxMSHDiMt/baAy/6rR8pFO6VKkM9M5EuYTd2GqPuIUR9FjDK7GVwa', 2, 1, '2023-04-18 19:25:26'),
(580, 'john521@h.com', '$2b$12$1i9EWVplMACrPm3LWAxgSe8X2Srqpn.TVk6UxytU.KDVUbRTr7xgy', 2, 1, '2023-04-18 19:25:26'),
(581, 'john525@h.com', '$2b$12$DvXU5pyAi3T5Vrd3sL6jsOLWuhvkAyJo95/ZZy9uY/5Kbzvw3rGde', 2, 1, '2023-04-18 19:25:26'),
(582, 'john523@h.com', '$2b$12$1h2LSua9ldBn8TFd2/ouUuplovG4O3imR5qfu90ZUnUe5OjCX.awO', 2, 1, '2023-04-18 19:25:26'),
(583, 'john524@h.com', '$2b$12$uBozVORcI8h6y1Usj/RF4O1Ap7lziXDBvZfOQXwG63dvmT1yLMeq6', 2, 1, '2023-04-18 19:25:26'),
(584, 'john527@h.com', '$2b$12$bvbHy2wLmlun67Nb91RFNeQbQu0wtCeTuLb1H2Wh5KrxZ.YL2rqw6', 2, 1, '2023-04-18 19:25:26'),
(585, 'john528@h.com', '$2b$12$59NRtL91BJx6AOmRh4Yaz.0O4SHMCqqyt3UMzb9i2ha0B9hRLdLUa', 2, 1, '2023-04-18 19:25:26'),
(586, 'john526@h.com', '$2b$12$HXzC.TwcYeHJu4uLU.Syg..lTVEGwktEwRw4pYmBpQNLZKVLAUL9W', 2, 1, '2023-04-18 19:25:26'),
(587, 'john531@h.com', '$2b$12$X182sbO.Zp7I18dAQaEsMe6fE5cy2i0fL6JDcLunVXce0HH8rL6dG', 2, 1, '2023-04-18 19:25:26'),
(588, 'john529@h.com', '$2b$12$nzTlwH9AY.3tOFUpd89KnO54SA22urRFlxSsU8p/0Py2Ipu.9XCAi', 2, 1, '2023-04-18 19:25:26'),
(589, 'john530@h.com', '$2b$12$el/2OhMYDPKW.SvI/FM0oOLecRTUhXk1GH2DjPAYN2nKf3OoZRUee', 2, 1, '2023-04-18 19:25:26'),
(590, 'john532@h.com', '$2b$12$PMNS2iykdZKv5zQ4I0O4vOy0PPGbQVApKBa183iiOHiruCTtmUXYS', 2, 1, '2023-04-18 19:25:26'),
(591, 'john533@h.com', '$2b$12$mGlQVHaK4v26tbQLlXBx9exl7txPMIBHA7mfH9KRz2HIuJ9EAhpi2', 2, 1, '2023-04-18 19:25:26'),
(592, 'john534@h.com', '$2b$12$MaaWcH06XmBI3ihlKsHL.etc37gbsXoz0qn.SwWFjnUDuqCi6Lrly', 2, 1, '2023-04-18 19:25:26'),
(593, 'john536@h.com', '$2b$12$qWQle8kMZZ9khgFdvki9LuGjjwmX7hYK3Pv73mK6WiqIkGoxmt4sK', 2, 1, '2023-04-18 19:25:26'),
(594, 'john537@h.com', '$2b$12$CfyOJf39MMEMWMk1i1xpsOhdkHQgQgCWPXOWts8CAmmv8PBPlAPaC', 2, 1, '2023-04-18 19:25:26'),
(595, 'john535@h.com', '$2b$12$WJEeIaPYchGP5VEUz6LALepK6Md0pAU1UfZs/djJd3g71ak1l8in6', 2, 1, '2023-04-18 19:25:26'),
(596, 'john538@h.com', '$2b$12$XxvOw8ZHJVypOIJtDhRtp.vCukEBdCDJ/YoYpkUGFL6gHekFQIA7.', 2, 1, '2023-04-18 19:25:26'),
(597, 'john540@h.com', '$2b$12$5sy.AdHOLziAmKvzNtULwOddIpOCcBo3R7/LhQz70tGnWjpCXaq6W', 2, 1, '2023-04-18 19:25:26'),
(598, 'john541@h.com', '$2b$12$8MlwlTgDh8nGUj8Ces6QI.KU0J69KmN7DrwxUqgXesjylzUlzBxKe', 2, 1, '2023-04-18 19:25:26'),
(599, 'john542@h.com', '$2b$12$ddUeMHQ7hTj6H9zpXZVQi.hhRWDVl6zlGT2O6I8D5s.DPgV1cBMjG', 2, 1, '2023-04-18 19:25:26'),
(600, 'john543@h.com', '$2b$12$XlxsQ6d5GIciW/E/MwvvROKLH.JOeAU465lAtDbNZgLJIUW2e56SW', 2, 1, '2023-04-18 19:25:26'),
(601, 'john539@h.com', '$2b$12$EzxzIo6Mb.1DRTEPBw1QnORhdD.4e6n787B7lKeoNOBulPyRRJqc6', 2, 1, '2023-04-18 19:25:26'),
(602, 'john545@h.com', '$2b$12$4xqvjLTzXBf4tTcX9mfWP.wsDkMKKNrN0vCekjQKSodX/ikJZ8gLG', 2, 1, '2023-04-18 19:25:26'),
(603, 'john547@h.com', '$2b$12$K3lyqoi/QX6Nksk0O6YKp.UllDx9YPBoAwfIiYmjIJ3iiXW4zmFoW', 2, 1, '2023-04-18 19:25:26'),
(604, 'john548@h.com', '$2b$12$Sj5MK5JjoVD3/YoN02kQUeQcfUgp8oevJVisQ0RQnX.uq8u9Uw./e', 2, 1, '2023-04-18 19:25:26'),
(605, 'john544@h.com', '$2b$12$yXrw2TLGQzY3PRJcW4eMuewWNaw8F9Siy3G/tdSf5ng4ur5EKrLoS', 2, 1, '2023-04-18 19:25:26'),
(606, 'john546@h.com', '$2b$12$e0V1GIzANFhlqeu0giX5DeVLLlfbogql3HQl7NstHXNHnbbbmJ92O', 2, 1, '2023-04-18 19:25:26'),
(607, 'john549@h.com', '$2b$12$J4nn6IVsJAYKybMO8R0vqeLr8DEEZvwn3t1.lLBjb6Bf9D65Gkt3a', 2, 1, '2023-04-18 19:25:26'),
(608, 'john550@h.com', '$2b$12$KOuNdloxTQBPOcxA1TYkdeXN6xtjtQ5nom7XYiJ3GOwiGZCHECI4i', 2, 1, '2023-04-18 19:25:26'),
(609, 'john554@h.com', '$2b$12$pnt2k6r8y/D9mTIg346AJehk95VX1j4df5R4/ZFo73QOv5jlqZogq', 2, 1, '2023-04-18 19:25:26'),
(610, 'john551@h.com', '$2b$12$wSyxCk.HLwxkmMcoBlCwY.BvBZTknFfDxBQwZ8DMUBvQnK9Od5RUG', 2, 1, '2023-04-18 19:25:26'),
(611, 'john552@h.com', '$2b$12$STYrtd2bYsJ/jZ3rRyLycOt22XtYg6VYLM891qGgzmIedTCA2Eunu', 2, 1, '2023-04-18 19:25:26'),
(612, 'john553@h.com', '$2b$12$ATbM.i5Wt7fMEF3OOViTZeCvNW7EXrf5ipeZ7LnOhPdQn0kEkRBwG', 2, 1, '2023-04-18 19:25:26'),
(613, 'john555@h.com', '$2b$12$Fb1dU4pbp1bnlbUm3eS0RubtslRM7Tk7DDK0GLIY/kCHd1fJy6V2K', 2, 1, '2023-04-18 19:25:26'),
(614, 'john557@h.com', '$2b$12$inEh2eeI1Ylulq0AMrtO5uHLHOAjTb2OgmjBIou4VdM6YSvBvoiQ2', 2, 1, '2023-04-18 19:25:26'),
(615, 'john559@h.com', '$2b$12$JTrk4HMkfbVVUpkz9qHU0OKPr1RmuSIZToeUM5OfU9OPx9WOwvEUG', 2, 1, '2023-04-18 19:25:26'),
(616, 'john558@h.com', '$2b$12$tBXDE05ne750u8imcca2bul2FR4wsd0GiW2fD5dOjtNPkycqvCM/2', 2, 1, '2023-04-18 19:25:26'),
(617, 'john561@h.com', '$2b$12$njvJVABZOQG8lNxvKEZlne.pfHYfxzhoWRhxXCTP4CHlXPisuMkqi', 2, 1, '2023-04-18 19:25:26'),
(618, 'john556@h.com', '$2b$12$ciikqhfszNrqvLGwhKOr/eaAq8kB8384MqVLkbyiXgSIFB7eHkY5i', 2, 1, '2023-04-18 19:25:26'),
(619, 'john560@h.com', '$2b$12$/I4GJA/dqQpZgSR7XDvaV.SyKUJAX4DQ6MQEsF75r29khp1IYRzh.', 2, 1, '2023-04-18 19:25:26'),
(620, 'john562@h.com', '$2b$12$9qg0IKswSN4B8xdhJnQpb.pMnReHspwICs9tJB3k/GZGyzFjg2hVy', 2, 1, '2023-04-18 19:25:26'),
(621, 'john565@h.com', '$2b$12$5MsTDrU5afgl5YfDixzQr.bAxv8qIbwrUVm3RrFxHWwKruuGLVBhK', 2, 1, '2023-04-18 19:25:26'),
(622, 'john564@h.com', '$2b$12$AIbXa7CABItgYTn0xxx4ZutMNcIliOWjsfM8oQeF5.TEQ6T4bQuRO', 2, 1, '2023-04-18 19:25:26'),
(623, 'john563@h.com', '$2b$12$xWZp7Hrw.jQRHEzbCOQHKOIk.j7ziSC4jAY1VwtGzEdInmf0DrgM6', 2, 1, '2023-04-18 19:25:26'),
(624, 'john566@h.com', '$2b$12$fbRBpTo2G5VbYYnU2visMeCNrykyo9RSs9dyHbXnO1rYyGi4mdakG', 2, 1, '2023-04-18 19:25:26'),
(625, 'john567@h.com', '$2b$12$qCl1wR9IRMG1TKPQC/PP3uynY2mlXkL3eYxoNx0quMYNKWndM6BAq', 2, 1, '2023-04-18 19:25:26'),
(626, 'john571@h.com', '$2b$12$Pcq/HAaxHYH8CNZ2lJd37uK0tobplmRB.wC1nMkTgRsBVPC0mVVvS', 2, 1, '2023-04-18 19:25:26'),
(627, 'john568@h.com', '$2b$12$fRa8iELiSu7R.tjyHryMuOTKH9XQ5L427yOYML/xSJl245Jyapy96', 2, 1, '2023-04-18 19:25:26'),
(628, 'john570@h.com', '$2b$12$ZMyKdlEuTb8yOinl2a14kOV6gZNI6B0b3gfogEutjzoALvIcawDYG', 2, 1, '2023-04-18 19:25:26'),
(629, 'john569@h.com', '$2b$12$8uz/AXp0dsCZkKZa40nbg.Uk93n/yBvT3PtilN4sg.lRbul9D64te', 2, 1, '2023-04-18 19:25:26'),
(630, 'john572@h.com', '$2b$12$rcqEPkRHoLfmyuglUY0jkehYj9LuajzO5xxjxq0aQ5poPn4RgRHbO', 2, 1, '2023-04-18 19:25:26'),
(631, 'john573@h.com', '$2b$12$sSnqbRwQ6JOcGMpPk3gWTePLt.K3hjC.TiYz9s79DFsyyVTY3jOXK', 2, 1, '2023-04-18 19:25:26'),
(632, 'john575@h.com', '$2b$12$/DYz.fqoVpjO4KJAD1Q5MeMARshuXST/87OPfS9/NMJqmMYdrHkga', 2, 1, '2023-04-18 19:25:26'),
(633, 'john576@h.com', '$2b$12$e1IOraBam/S3zC.2BSDgoebyDUU4h9l/fPpwMBGvUkHJTEAxYenSq', 2, 1, '2023-04-18 19:25:26'),
(634, 'john574@h.com', '$2b$12$21JAHkXztJVVYZ/ON6aoDOrLxxNToNKg1TXdnvrg6jeUIL2QHal.S', 2, 1, '2023-04-18 19:25:26'),
(635, 'john579@h.com', '$2b$12$/znjp8x.6gF2Icagll4B8uS.uQkO.WBPxUNurTWxophescxiW2ViC', 2, 1, '2023-04-18 19:25:26'),
(636, 'john577@h.com', '$2b$12$t7jlV9ML8.TBbukDRLtJKOYZTrjJL7XQz1rgnsresUl2eUOeJxXh2', 2, 1, '2023-04-18 19:25:26'),
(637, 'john578@h.com', '$2b$12$3AaSKk2gsgdRVDbcKL8Uqu.IXmi23HtWHu2soBuIFuKi6e1ja616K', 2, 1, '2023-04-18 19:25:26'),
(638, 'john581@h.com', '$2b$12$4P6L/PIwbpnDxyiAjYlH2./AoR2PrwNB4BGguauuS/LxeluVFYNYO', 2, 1, '2023-04-18 19:25:26'),
(639, 'john584@h.com', '$2b$12$Mjk0Aw58QxuisIyq23zMte5spc.2g0tDvNluVj3volTyvHBGxus9q', 2, 1, '2023-04-18 19:25:26'),
(640, 'john580@h.com', '$2b$12$FshytS3Dua/g0gfuk7f04eu7auE9SHSF7x76Av11mo0TeharuqXqi', 2, 1, '2023-04-18 19:25:26'),
(641, 'john583@h.com', '$2b$12$SjU14ntCFOHqmBct1tK/JOCkuELkTmvgNCWml2tY69c.vFQT2u13q', 2, 1, '2023-04-18 19:25:26'),
(642, 'john585@h.com', '$2b$12$FUZXrNErPjXZGCJR3NAsouz4s/ACBIi3UVfWXZS8rpSBL0F7QmAH6', 2, 1, '2023-04-18 19:25:26'),
(643, 'john582@h.com', '$2b$12$tQAHQgTlBlQxFIpmNTV4ZehPvabvqUKP8Gno/7l7RAH3WVrW18T3W', 2, 1, '2023-04-18 19:25:26'),
(644, 'john587@h.com', '$2b$12$xMjJZ1LyVZqdn07N45cX3eZTM0IShBzs44NNrbzRfCB78Psxgv/OG', 2, 1, '2023-04-18 19:25:26'),
(645, 'john586@h.com', '$2b$12$GrCX5ZSco3ia9eG5vp18EeMDKNwADQjyHETdXDf7mI7oQGi.f.Eoi', 2, 1, '2023-04-18 19:25:26'),
(646, 'john589@h.com', '$2b$12$2dtJIvgwtOIZRnPT9epgg.rRjQ0ojM92odIIY3Yi/bp2yaZESHvfe', 2, 1, '2023-04-18 19:25:26'),
(647, 'john590@h.com', '$2b$12$eIg/Eg3g.R/jPhVKWlMphudGMQEjSd0pr9GmrT15brBGQoj8Mz81C', 2, 1, '2023-04-18 19:25:26'),
(648, 'john588@h.com', '$2b$12$gMJTjs7i9j5ZeARdq02O7u5zN1CYmepJjf/8eKn8InIAcygJskbMu', 2, 1, '2023-04-18 19:25:26'),
(649, 'john591@h.com', '$2b$12$GCXpPMJv3/sKCvoHWiOna.ZiM3xaXWh2jqchNdrxGyRjLrAIFOslK', 2, 1, '2023-04-18 19:25:26'),
(650, 'john594@h.com', '$2b$12$eskf/fq1UX4lxVp1cjuh0ex4uu..wdz8wltsUQeoBludLfU2jrwhy', 2, 1, '2023-04-18 19:25:26'),
(651, 'john595@h.com', '$2b$12$Uis.6b91P4mXlpCRerHZz.yWB3l2LFGmOY7c9tZyOdn7dNnPzcMUK', 2, 1, '2023-04-18 19:25:26'),
(652, 'john592@h.com', '$2b$12$clubDZWtjrJrxu4o02tUHOzOJAYbBIgeLSymoKGtKEYIJUY8xJFhu', 2, 1, '2023-04-18 19:25:26'),
(653, 'john593@h.com', '$2b$12$LQOChLVprrmsw0KWu2Umuu5cGsHoqOEazI1ysbW9xOOjFnVJR7GR6', 2, 1, '2023-04-18 19:25:26'),
(654, 'john597@h.com', '$2b$12$ULbuw9VltEcFxjbrzXGdYu61rod0/TuYxEXNhoAjSDlDUg7io/F6u', 2, 1, '2023-04-18 19:25:26'),
(655, 'john596@h.com', '$2b$12$NO0kwYrLnk4bCJHgaBMdAeEvyZ0n0V/8YuqBBRB.oonRvIE3JV0ve', 2, 1, '2023-04-18 19:25:26'),
(656, 'john599@h.com', '$2b$12$O0xqnUc769.0gAkopz5m0eZTZJTj8QkLfHpHalJM7M1RxlRsy2Hvq', 2, 1, '2023-04-18 19:25:26'),
(657, 'john598@h.com', '$2b$12$DuoDkHCC7k6bAwjOEVSAC.gUEGOR8lO/HAyRtDEh7niq4CxTU39zu', 2, 1, '2023-04-18 19:25:26'),
(658, 'john600@h.com', '$2b$12$QcgZokq7W8613jUh1brN.u0gDSKb.b573ftRQnwrfqQVVOxHdksNO', 2, 1, '2023-04-18 19:25:26'),
(659, 'john602@h.com', '$2b$12$0AfRQKhg93hDV96e7Ej19.Xx/BO.rKcqNottHncs8bV1HbRBa51EK', 2, 1, '2023-04-18 19:25:26'),
(660, 'john603@h.com', '$2b$12$9rVQfeAnu3rVyrSGrmPxk.59qUFUhRrnKyigNoyq0pGoG.9tVwyOW', 2, 1, '2023-04-18 19:25:26'),
(661, 'john601@h.com', '$2b$12$4H4ZviTNQBNkHgNpiK4Vguyyo4N3FXv9Mq/aRnhfLyNPCxwkorzW6', 2, 1, '2023-04-18 19:25:26'),
(662, 'john606@h.com', '$2b$12$DajBGhdd933zLTgVx1uWkO2On9YxSGjh8qzE8UsIU.R2JBcvGdifO', 2, 1, '2023-04-18 19:25:26'),
(663, 'john607@h.com', '$2b$12$5aUzUlLswHxnZm/atnz.ducP4W59UO826m0w60uEqaumANLsLTi7W', 2, 1, '2023-04-18 19:25:26'),
(664, 'john605@h.com', '$2b$12$8j10DKQcx4fSEhZHc.LH7.y4ZezNYqSjvsRAKawa24VClNOxfKWWu', 2, 1, '2023-04-18 19:25:26'),
(665, 'john604@h.com', '$2b$12$GhNj1kCMBs4TmZ8iiO/nMObPgxcxHvJMxKoCkv72Ik/Qgp9JGycw6', 2, 1, '2023-04-18 19:25:26'),
(666, 'john608@h.com', '$2b$12$npyJ9yHqt.A582nY/vyPSOQbuxP35n2ngbEobc3rKsuyeNn/LWaEO', 2, 1, '2023-04-18 19:25:26'),
(667, 'john609@h.com', '$2b$12$ffSo5IMeeJCZ9FrELPZu7.XYsP6TC3HeHpy5RMiUW0bGjfRNmJmn2', 2, 1, '2023-04-18 19:25:26'),
(668, 'john611@h.com', '$2b$12$N2hcfqWYDdLMYZ41W0GzQenddoWIYQYeJaYSyzkUJwCBLodbYmE5m', 2, 1, '2023-04-18 19:25:26'),
(669, 'john610@h.com', '$2b$12$wVrBeKhxYrdXi8nc8XZPMOng2tFZxwx2vap/7CV047Ky5zJQQy8eW', 2, 1, '2023-04-18 19:25:26'),
(670, 'john613@h.com', '$2b$12$cGu4/Nx1w3NMQepZ5P8CDurCbarsvJw.18IZJuyLBHjLpkdv0BZp6', 2, 1, '2023-04-18 19:25:26'),
(671, 'john614@h.com', '$2b$12$PlY4geZlWDLEjyLr4P6o/e1/QIQ2Vvc3I8BDnxK9fMlYct6RrCZ36', 2, 1, '2023-04-18 19:25:26'),
(672, 'john615@h.com', '$2b$12$bmC6k51s.Ts4dwuLVh7dSug.cayiOEPu1cOAyh3TUrD7MADrOrfc.', 2, 1, '2023-04-18 19:25:26'),
(673, 'john612@h.com', '$2b$12$885evBLEya1bN4GDeQtq.O4VWQMYvyh1JcWTAMa7QzFQK4HqeY1k6', 2, 1, '2023-04-18 19:25:26'),
(674, 'john616@h.com', '$2b$12$xGRqeMQQy0fOc9oCFPtbsO2qBvmYBeWCwqDEBULI3ClurpSNWmc/6', 2, 1, '2023-04-18 19:25:26'),
(675, 'john618@h.com', '$2b$12$FkwXoW660C7ykzZFBs4nu.OP0U97rl6t58qlvOq2eIa24rr4RLIQS', 2, 1, '2023-04-18 19:25:26'),
(676, 'john619@h.com', '$2b$12$aFpsVRC/vFY5kbI7u5IhJePv/tVyzvJN6G4Gy6DfWXiIVHyu9ZeSi', 2, 1, '2023-04-18 19:25:26'),
(677, 'john617@h.com', '$2b$12$319XdpltZ7KBaVVW1jWJmulnK6q1c.MFYSN4GuTUG2I/nd7zGhKpW', 2, 1, '2023-04-18 19:25:26'),
(678, 'john620@h.com', '$2b$12$Sjh6KuhbcC1TBD5674Tvc.UuVPwPhqS2LWhH5DtA3artbuYpPSp1O', 2, 1, '2023-04-18 19:25:26'),
(679, 'john621@h.com', '$2b$12$ex.lICosvKs0BTCxzAeV2OxloQqFzoHz21B7.N7xXbDm7wyu51HRu', 2, 1, '2023-04-18 19:25:26'),
(680, 'john625@h.com', '$2b$12$mY5z9/pi3fmgCEZ2PwIqC.gHYhfdFQJ22UiY2pvKX9bIVVbcgEoyu', 2, 1, '2023-04-18 19:25:26'),
(681, 'john622@h.com', '$2b$12$YTVI5i5oN1W8t.nU430nguLidX5b7zWq2xSfzmY0KLW2jZXyaNMfK', 2, 1, '2023-04-18 19:25:26'),
(682, 'john627@h.com', '$2b$12$lzAb3hnC9.cRYUhaQLuGWu4get/CDbgNTj35RM.7mhGJf96Mru9k6', 2, 1, '2023-04-18 19:25:26'),
(683, 'john626@h.com', '$2b$12$XLgr5F7dx5hR4iJLOjgEpeyx7sDnfJlsIEtdMGHPNa6BnPWMxryUi', 2, 1, '2023-04-18 19:25:26'),
(684, 'john623@h.com', '$2b$12$15S2u6dZAdff4A5tPLYr0OK8c4HPdHIzFtGfWo4E48sl/lxi4BOFW', 2, 1, '2023-04-18 19:25:26'),
(685, 'john624@h.com', '$2b$12$IXhby.AXh.uvRsVVELmYluU/DUmcTloGCQyNaOmynYhU/dCSK7qYW', 2, 1, '2023-04-18 19:25:26'),
(686, 'john628@h.com', '$2b$12$oWG8k6ILLDviTbkxhkpxi.JS9IBzvSP3AjCaE/vwtOOqQ3Y5b.upW', 2, 1, '2023-04-18 19:25:26'),
(687, 'john632@h.com', '$2b$12$DVBgqYvGDemZARDVdfUJAe0ZmgS4xIqt2RIdFn2KuH0mZBwT.vEoa', 2, 1, '2023-04-18 19:25:26'),
(688, 'john633@h.com', '$2b$12$KSGcUQ6ZgiIwNaqF/.GQK.f7osjDVBtC0Kc7VryGfKfSXVeZpAMze', 2, 1, '2023-04-18 19:25:26'),
(689, 'john631@h.com', '$2b$12$ky9TvZ3etuFT5GPgueTRjeOdJG1cRR4Kyx3HfZ2F9ev6goXOBFtsO', 2, 1, '2023-04-18 19:25:26'),
(690, 'john629@h.com', '$2b$12$tMaQD5AnpGYS2tpEM.CCreqRf.bVGsVi92UchpMuxG8vPnutB1aMC', 2, 1, '2023-04-18 19:25:26'),
(691, 'john630@h.com', '$2b$12$JuCcVBb1OYpC2wHPeDSQ.e4IyLIBZadGZOsUB1uZJeT2rMEEjh5we', 2, 1, '2023-04-18 19:25:26'),
(692, 'john639@h.com', '$2b$12$DXG4aWOU4rZ4OnGqvsxr1ezienII9ssCJly4gGzLIoIxAW/vaZxly', 2, 1, '2023-04-18 19:25:26'),
(693, 'john634@h.com', '$2b$12$ooNCBmZLxwTQr7XJ9OJXrelzibnpY3CeSJTPZFppewWTc3DRbkOpe', 2, 1, '2023-04-18 19:25:26'),
(694, 'john636@h.com', '$2b$12$/VHO9TO8WnsmZUqiXme60egxcgQfE/iwI.0XRGiJTI2CuhdHpdN.6', 2, 1, '2023-04-18 19:25:26'),
(695, 'john637@h.com', '$2b$12$HVeiNEkEhr2ajz19q5aHHO6SQ5yJk8oHHFEpgKUwWhSTZ32gk4/SK', 2, 1, '2023-04-18 19:25:26'),
(696, 'john638@h.com', '$2b$12$zwE8p.DiPg4WVMVGOJ.VT.5ZeMrHv8Q9Uk.Ps0J9EOmHi317bGDaG', 2, 1, '2023-04-18 19:25:26'),
(697, 'john635@h.com', '$2b$12$P1oWC42.YpCjDymPTFlFD.GlP.GPYvptr92gVtG8HZDAg2Vo6JHGy', 2, 1, '2023-04-18 19:25:26'),
(698, 'john645@h.com', '$2b$12$oYCOhnhWLHKuscQHIy7n..bwfGi.zLCR.ZY3/8zS3TrlK8p7MNJze', 2, 1, '2023-04-18 19:25:26'),
(699, 'john640@h.com', '$2b$12$IuFIahY57wtgepAT6N95XOQd56zHF2lGGE7B9Rc.6Iv.ngFg4ZWoa', 2, 1, '2023-04-18 19:25:26'),
(700, 'john641@h.com', '$2b$12$sN/5HJ2AesjPVqdzXMhwfOPAWqX2A/2qszgJvy14YmFMHW77xayCu', 2, 1, '2023-04-18 19:25:26'),
(701, 'john644@h.com', '$2b$12$vMdlajioS0.86XbC8KYpOOWP/n87cHbjqWtvJJxYXXss1QsUxpUHG', 2, 1, '2023-04-18 19:25:26'),
(702, 'john642@h.com', '$2b$12$JIawbTuA13k6l2saJduU8uKOf1kKvYAOQGhktJ7dIeVnQnYe6/.FC', 2, 1, '2023-04-18 19:25:26'),
(703, 'john643@h.com', '$2b$12$fgLIPHlGybpC1oYbD5NPYOBuCmmz8odkaAdLI2WWxcuIZYsf8Czfm', 2, 1, '2023-04-18 19:25:26'),
(704, 'john647@h.com', '$2b$12$63n0qyAiTE34Dc5c5wv1NeAYrj4PzRc0y6jRyE9YqDV8ghKvxnZwa', 2, 1, '2023-04-18 19:25:26'),
(705, 'john648@h.com', '$2b$12$1YyakxoE/V8mfzp2Ds1VI.b1F/KbAnraXWRQEVkc7TxD40VV4mJxi', 2, 1, '2023-04-18 19:25:26'),
(706, 'john646@h.com', '$2b$12$WKTR1fB1UX9xMP9dO2BD.eMiUdvJMToouthzqvBBlcd5ztM3VXTBy', 2, 1, '2023-04-18 19:25:26'),
(707, 'john649@h.com', '$2b$12$/nNDk2JV0y4yzQj9tJ5iUeaSlmFCMMAqaqCCUfdxsS1ZABV0FsaAK', 2, 1, '2023-04-18 19:25:26'),
(708, 'john650@h.com', '$2b$12$dUueCqa1mN5FRV3f6plXheF0iGf4JlbGr8bhuHQaVIKkL5muGQbie', 2, 1, '2023-04-18 19:25:26'),
(709, 'john651@h.com', '$2b$12$7REa.Rzy9Sh3TOIeBevrOuhmonkh78Zqaqpt1s0Btqk7E3GhkouWO', 2, 1, '2023-04-18 19:25:26'),
(710, 'john653@h.com', '$2b$12$3ceOqbPg5LWtxObHS39I6uCzn3PugnlffC/GNHSh5ucdTot/J4MKy', 2, 1, '2023-04-18 19:25:26'),
(711, 'john652@h.com', '$2b$12$OpgI4vPs9U.wTrdGnJ6ppe1LF9uZY7p6yABWZCOm2E00C74aMcwC2', 2, 1, '2023-04-18 19:25:26'),
(712, 'john657@h.com', '$2b$12$wOmH/vZ4YuPqO6P2blm2vu8uiZJRb7vYqb.Sgz2hGCGnQ4zYcSBqi', 2, 1, '2023-04-18 19:25:26'),
(713, 'john656@h.com', '$2b$12$4Y2yrt3g5dZqvWLUcDcxPOafjXX/pSgrFH6b1ZcMmgxGE3xUXKYda', 2, 1, '2023-04-18 19:25:26'),
(714, 'john655@h.com', '$2b$12$0QfnVvNwyj5kJJrS8E55ru3cYCAXXn7jaYN.YTCes5o/MHA.LGd/K', 2, 1, '2023-04-18 19:25:26'),
(715, 'john654@h.com', '$2b$12$ZuLT7RpbKkwXuTyKCcrVh.awkTn/hNj9v4MpIie7ik4xgNhOtd0XO', 2, 1, '2023-04-18 19:25:26'),
(716, 'john661@h.com', '$2b$12$O3KIs.e08H8hW/JBptLviuRW9EGPJF3n2BugyckxvKuPTCio5nnH6', 2, 1, '2023-04-18 19:25:26'),
(717, 'john660@h.com', '$2b$12$j1hnATU7i3F7TacpZrGNrOP9iLmUKMqbaSpdbF1kVl6J.8M38Jd.a', 2, 1, '2023-04-18 19:25:26'),
(718, 'john659@h.com', '$2b$12$.vvifEuSRECxnsHIWu/VTejqlIFVR/i5OXOxZHdibGRC2IoXGFo..', 2, 1, '2023-04-18 19:25:26'),
(719, 'john658@h.com', '$2b$12$g9VakCr0rTl1KzXkuajyhecBUNQUC6TxRMmwoEq7FRLRuyCR/gQWW', 2, 1, '2023-04-18 19:25:26'),
(720, 'john662@h.com', '$2b$12$4N5y7Fw1XciIJfb08cUu6uU8j0j9fE/c3FkxsiLFgPGhhtncZiPNS', 2, 1, '2023-04-18 19:25:26'),
(721, 'john663@h.com', '$2b$12$4LCKtmrGj730ckGuioOXsug2vFHptnoi30NlUimjQ3PyKyZjF8lf2', 2, 1, '2023-04-18 19:25:26'),
(722, 'john665@h.com', '$2b$12$Oj35jrVB80bZ0YOYYQXLR.upj1SBFSCS8xWCxZJhEvT/LG3YZ00r6', 2, 1, '2023-04-18 19:25:26'),
(723, 'john666@h.com', '$2b$12$/O3SNzIEC1ApBFVwtJOggu0vL3vQS/MD9h4Y/h0WLpWAG9X/Ap55q', 2, 1, '2023-04-18 19:25:26'),
(724, 'john668@h.com', '$2b$12$Q37E5EWahzvozjKHVXTs5uZSpG3mlH9iBcsM1fyMylvJka4tlPLZG', 2, 1, '2023-04-18 19:25:26'),
(725, 'john664@h.com', '$2b$12$LwibRNmKyOampxcTljwtbebLRVCB4fUuqj6n1X.1BDkC9LFnpLogC', 2, 1, '2023-04-18 19:25:26'),
(726, 'john667@h.com', '$2b$12$TfAYqmcLj../ZQA42CokGuy6iZi.tcujmshRIhAT4jQ8MWIyxhvr2', 2, 1, '2023-04-18 19:25:26'),
(727, 'john669@h.com', '$2b$12$Br39l490muFp8.qfs59t/OHuxzNM/sh6UK/3jEDnCmQzIveZbU4yW', 2, 1, '2023-04-18 19:25:26'),
(728, 'john673@h.com', '$2b$12$CrEcKgHva85cXwgvBWmCtO3NYmx/FRRn4abbb6dY43dFaKLCMORFy', 2, 1, '2023-04-18 19:25:26'),
(729, 'john672@h.com', '$2b$12$qStgnHDOOaNyWjHXyokmUeWrsDWbLItmR/LLng0hSC5zIVL66f/IC', 2, 1, '2023-04-18 19:25:26'),
(730, 'john674@h.com', '$2b$12$R3fqKWwNI3pv9M1r2xhIXuSfUhLVufnl9Yk3LDLz/fGQDkSj4LMxO', 2, 1, '2023-04-18 19:25:26'),
(731, 'john675@h.com', '$2b$12$4L.dzzB40ZmCm0BY5y.COOjob4ubrzGQb8Qay5CP/cxoa2hoDizYS', 2, 1, '2023-04-18 19:25:26'),
(732, 'john671@h.com', '$2b$12$HPkZ.PUw/wSTlDGCMv/jC.0qJNwrfri2PFLsC8Gv/T5Hqeilr6dAW', 2, 1, '2023-04-18 19:25:26'),
(733, 'john670@h.com', '$2b$12$ih3OEZYlZa.p4tI8ruqJ4eH2VCruVnjYhB33fbFZwa.qiZ.9rafZy', 2, 1, '2023-04-18 19:25:26'),
(734, 'john679@h.com', '$2b$12$.fXHbUORqTXwgkFq4rWPFukfhA/NA6CBc6gO4ehnIoHrnV5pwC/Jq', 2, 1, '2023-04-18 19:25:26'),
(735, 'john678@h.com', '$2b$12$EJlsde7InnfErIn08mnv9OSwgLvzEE3koQPAIV5UQP9lLYgY6/wdq', 2, 1, '2023-04-18 19:25:26'),
(736, 'john676@h.com', '$2b$12$UwoU6bH2RAOG7u6V7i6zwusBZaygX/etVDu8lfOV8s7wMfMsiV04S', 2, 1, '2023-04-18 19:25:26'),
(737, 'john677@h.com', '$2b$12$JRYjRodmPdBcQswxU7BL7.ExY99QFKOxNtQziq5NgwwOgpAYFWUSq', 2, 1, '2023-04-18 19:25:26'),
(738, 'john680@h.com', '$2b$12$DifYzCqQVtpljrPs8nrRhODW54LZnmnS.CkL/SUNa8Zuh/MnU9Bwm', 2, 1, '2023-04-18 19:25:26'),
(739, 'john683@h.com', '$2b$12$qzMHEL08RTkBKFTv4jER/uTNYOh0ZCzXc09EwadE6lLFsS5ysrLbG', 2, 1, '2023-04-18 19:25:26'),
(740, 'john681@h.com', '$2b$12$XLBv5kJ9DIzWNbTUBsPfYu6NDoknajUTXg3w59eEGALiIhIA0ZAx2', 2, 1, '2023-04-18 19:25:26'),
(741, 'john684@h.com', '$2b$12$uFD83hAGQuNHB.PH4IkdG.BdXiQuGEamoE0xZzpvSxtAuhDiJbv.S', 2, 1, '2023-04-18 19:25:26'),
(742, 'john686@h.com', '$2b$12$cXvuEy9muFLwijR5wXGjbOh3I7U6Ter6xcPRnc6yT9hCh2bUr/2OS', 2, 1, '2023-04-18 19:25:26'),
(743, 'john685@h.com', '$2b$12$WfeBwcOFyTc2W1o9qHW.3.ci9MlLrkKRUD//hZqQbhbFCEr9hROmO', 2, 1, '2023-04-18 19:25:26'),
(744, 'john682@h.com', '$2b$12$S9sSziPRDjeBqtBCJqGNneYpYZeLhABmu3zzT98L4VTKbOVda1CIW', 2, 1, '2023-04-18 19:25:26'),
(745, 'john687@h.com', '$2b$12$tj1THf6hhSHvCPuYJZOKwe8CyC5Df8W20MdmBcRqKrYhhrDtT5v2m', 2, 1, '2023-04-18 19:25:26'),
(746, 'john690@h.com', '$2b$12$dgOmofx21TWYMYxuhNkMV.bti2kACjp.N89c9OentnFrkzdpKBtya', 2, 1, '2023-04-18 19:25:26'),
(747, 'john689@h.com', '$2b$12$FnvITdnzPLlrWgdk7ajxU.d8e6FDLmSnpaVIKtIbTd2ad3NcWZ/1O', 2, 1, '2023-04-18 19:25:26'),
(748, 'john688@h.com', '$2b$12$0XaFWFFjyLmyKb0.XoTKK.eC66GifCUF0CWbegNfHThl8PeOhsGta', 2, 1, '2023-04-18 19:25:26'),
(749, 'john691@h.com', '$2b$12$pskZaKFIZXNhxlBK33BDwuDf06aAl4P91FzIIenUYeMBfjdwFU4sm', 2, 1, '2023-04-18 19:25:26'),
(750, 'john692@h.com', '$2b$12$QALfPnbgWvnBFOBUb76OB.aLf8YrkFXayPjsq8n2TalPZrUOya0cu', 2, 1, '2023-04-18 19:25:26'),
(751, 'john693@h.com', '$2b$12$l6LKGZ0PDQRqFhsQK8HU4.Bpaqrl/9u4j3CAs8M7bmLA4kDeh3deK', 2, 1, '2023-04-18 19:25:26'),
(752, 'john695@h.com', '$2b$12$wGuUhRvu6vcG0U8UVsL6I.3CY6al3ZKStRTUNDNDuuIA8uMBRllOW', 2, 1, '2023-04-18 19:25:26'),
(753, 'john696@h.com', '$2b$12$XxMoChq8ol9S4GPmPO8Nb./Ww9qe/0p6fg.Gvs1dDEoPE8pt2QJtO', 2, 1, '2023-04-18 19:25:26'),
(754, 'john694@h.com', '$2b$12$D0FvD1bBnUouyoVOYkPZhOufZ/kKaH0/axOSylZN2hiaVSkvsIukG', 2, 1, '2023-04-18 19:25:26'),
(755, 'john697@h.com', '$2b$12$H48WjDMDG6ABQp88Cvp9b.9ZlinQrdYlNG2DMWKbgSXUCiowr7IRq', 2, 1, '2023-04-18 19:25:26'),
(756, 'john698@h.com', '$2b$12$QF5.hTH0.o4gmOMx2Me1vezrpaUJZw6nzU6pdmon8pHkzeOeMNgWS', 2, 1, '2023-04-18 19:25:26'),
(757, 'john699@h.com', '$2b$12$EkZI30SP.ZAFTnI.k6W0zuhWdGUqNy7Kq7swnbu.lEyyx.dUZCA.W', 2, 1, '2023-04-18 19:25:26'),
(758, 'john701@h.com', '$2b$12$KRQ4RLb.0DMHqeRKZfR6yOa0UWG75MJISRlF5wV5iWZHquepPejYm', 2, 1, '2023-04-18 19:25:26'),
(759, 'john700@h.com', '$2b$12$rCcHf0ZeW.TqnTUA3/2Gi.3gj/ddIXxkS0xeHs5hEQSRbev3HtVB6', 2, 1, '2023-04-18 19:25:26'),
(760, 'john702@h.com', '$2b$12$mnnu/1ZrN3k1GfuaXezoyewqEzZ/78Cm.RXqRH2YjX1yYztD2BAo2', 2, 1, '2023-04-18 19:25:26'),
(761, 'john703@h.com', '$2b$12$PclOY/dL7JNaorabzRfcQOyfyxVtLuw9G44DmKrD1xfrhoc10koh6', 2, 1, '2023-04-18 19:25:26'),
(762, 'john704@h.com', '$2b$12$XdNQaAnwi/mfAd3cE/aaCeDfkM9RdCk3gi15lZUwkHRp4PAupmidm', 2, 1, '2023-04-18 19:25:26'),
(763, 'john706@h.com', '$2b$12$tCkKkWNedduAcr6KYi5ua.fls0gbt7S3.kjwffWJTnfedlPv.VZ4q', 2, 1, '2023-04-18 19:25:26'),
(764, 'john705@h.com', '$2b$12$J3xnJAPSigRAlk6OXuYZ9OU/B9094qtFt8rnvIJgQBlhdSazLdNI2', 2, 1, '2023-04-18 19:25:26'),
(765, 'john709@h.com', '$2b$12$EbDRjHInJk6w8QIrI4UCWOFHy2uBrmSzpNHuCf5UxPCbsgKvyNecG', 2, 1, '2023-04-18 19:25:26'),
(766, 'john707@h.com', '$2b$12$0H0bclpLy6Sfyt8Ef5qXcu8DemIjq53tg8lE6wj2zSqumaNEy9fF.', 2, 1, '2023-04-18 19:25:26'),
(767, 'john708@h.com', '$2b$12$xLGZT87ubp5JLU9WmXcrEu0BvlluHGju3PNyJKCA/xyIhrZi4/xUC', 2, 1, '2023-04-18 19:25:26'),
(768, 'john710@h.com', '$2b$12$hhl2MonSc0DQ8a/wXCylXeZpFz/MGpKk5xWUVVkaO0Zqulx8dVB3y', 2, 1, '2023-04-18 19:25:26'),
(769, 'john716@h.com', '$2b$12$I9zIKQIJHoqq4UEh1o/8DO.gaTtaMuf0kZ83r4yov8M3SjI8oOPZq', 2, 1, '2023-04-18 19:25:26'),
(770, 'john711@h.com', '$2b$12$GOTYKwGS4E0SAjTo4PNIjOGKzJ6n4zXD5YU4pTLDS7.KodQIqUFAa', 2, 1, '2023-04-18 19:25:26'),
(771, 'john715@h.com', '$2b$12$1YGKM0h/mNZZQPBA7VGHqOGpdC54WQiarGolSb91m7dUmHAMru1Fy', 2, 1, '2023-04-18 19:25:26'),
(772, 'john713@h.com', '$2b$12$mZuuKe6DBbLEuLcIFV3W9.mMJP0fyKk7EohJ5TWo2dUzoI07zgOpy', 2, 1, '2023-04-18 19:25:26'),
(773, 'john714@h.com', '$2b$12$F/OBrlUaX248XAEtgC7aneg49gsSPR/knqQCWC4kY/LIQhA4bzElm', 2, 1, '2023-04-18 19:25:26'),
(774, 'john712@h.com', '$2b$12$DFT0azK47SH49QZNQZe2g.6lycJpXHsb6ORraj/6OBiJjj841pNTK', 2, 1, '2023-04-18 19:25:26'),
(775, 'john717@h.com', '$2b$12$NSvUo2BlljX3A.5EmmkFcuHRFt/dab1FZbYnPlffdE12YScT0R1Uq', 2, 1, '2023-04-18 19:25:26'),
(776, 'john718@h.com', '$2b$12$qrJJh3ymYYt3pRNfjNzRL.ikUQQLmQGhygOX8a/vQ//AlmzsJcxcW', 2, 1, '2023-04-18 19:25:26'),
(777, 'john719@h.com', '$2b$12$8.AfCCRCFbJE3wFR5U4EXuTWbo0Pacgfq3dpedI1JlxjqVqFdYFwC', 2, 1, '2023-04-18 19:25:26'),
(778, 'john720@h.com', '$2b$12$oWucBPxWi4aUlMfe.ZdR0OUhsrhQamkJ64l83/1dUQMVTeLItFnE.', 2, 1, '2023-04-18 19:25:26'),
(779, 'john721@h.com', '$2b$12$ItwMazFPdQUk0pYJy.EegOqXUtMDbGj7RO471IVyv3p2H4NLvbpd.', 2, 1, '2023-04-18 19:25:26'),
(780, 'john722@h.com', '$2b$12$0Ih16hQTWBdJhtEaKy6VUuydYK.OBg6AKyThD44GfND2puY/iEjhq', 2, 1, '2023-04-18 19:25:26'),
(781, 'john723@h.com', '$2b$12$IcH/IZHZAYIdrdgUlGLcAuD7K9Yh7AgYitCrlK3jyGwOKPgyMEASy', 2, 1, '2023-04-18 19:25:26'),
(782, 'john725@h.com', '$2b$12$0vlWkJyE2lMvmGELdmT1ouvhDBjJtVJSFumHV4U7l4.k7ggYDTU46', 2, 1, '2023-04-18 19:25:26'),
(783, 'john724@h.com', '$2b$12$RN27no1UlOPiqUG7pK4Pa.el4J3ia5NoLvqeeK8J7Ykx6bqDrem5m', 2, 1, '2023-04-18 19:25:26'),
(784, 'john726@h.com', '$2b$12$Gut3Ac4bRZZSF8rQ.OVwX.2FTw6OTzWli54R47Y89ml0dSKdoORDG', 2, 1, '2023-04-18 19:25:26'),
(785, 'john727@h.com', '$2b$12$TTkWY6Vra4S/HhR0pkvtFOytpquncoPNVqIodGHdr9WWLxAMoSl3S', 2, 1, '2023-04-18 19:25:26'),
(786, 'john728@h.com', '$2b$12$VeGV67TozwUqnZlBGlJLJO7.fqkWLRULQHjM7CG6JPPd6iwZxzbv6', 2, 1, '2023-04-18 19:25:26'),
(787, 'john733@h.com', '$2b$12$d4Z6GeMPFfm893BsXvL03.vVxxzFF4BOUaqTJc2k9Fs.hcqSxrinS', 2, 1, '2023-04-18 19:25:26'),
(788, 'john730@h.com', '$2b$12$q6/tfgwBOapd04IMQ5fsRuSiT2pQ7uNVX.PTR0KXDJSciG9elZf/6', 2, 1, '2023-04-18 19:25:26'),
(789, 'john732@h.com', '$2b$12$VxWJikaJfyyEhDU8qunh.uOYDEAm6N5.eL8pU0/P2Z9DC1wq1FuzO', 2, 1, '2023-04-18 19:25:26'),
(790, 'john734@h.com', '$2b$12$o0NrN91KeLzDzJE23FYNiuUzcQnJ7VJMkZ/W8EjRQTECLFJloTtkG', 2, 1, '2023-04-18 19:25:26'),
(791, 'john731@h.com', '$2b$12$qe1CJEYMbf18yHJXV2n46edrgMnklb1SxM9rD9EvpBYm3gSx3pybW', 2, 1, '2023-04-18 19:25:26'),
(792, 'john729@h.com', '$2b$12$B8l96zKrnN4723kuSzPglep00ArCRJn0Y5zCMmCKRHSkjOpPayQFe', 2, 1, '2023-04-18 19:25:26'),
(793, 'john736@h.com', '$2b$12$SU0TcPrnXSAcm1Ku7K8sJ.U0HmcWpXyokkt5.xYe5Si660lUnG/O.', 2, 1, '2023-04-18 19:25:26'),
(794, 'john735@h.com', '$2b$12$zDBuM9yeJY/.3fBa50SQjunnQ/4GS9duyMqk0XfSnpfXoa/hxOMBu', 2, 1, '2023-04-18 19:25:26'),
(795, 'john738@h.com', '$2b$12$hu3TYEVCe3Qr8gnReM.lAesirylnosAPlfeVW4ixygYiHzSgWHc3W', 2, 1, '2023-04-18 19:25:26'),
(796, 'john737@h.com', '$2b$12$pytYryuu.MDm/TcCeAA8Iu8qEJbL6bLKEs/DpWLK2MPD/AqfDFxPO', 2, 1, '2023-04-18 19:25:26'),
(797, 'john740@h.com', '$2b$12$92MNXeO4WGpfuGsiw7haB.zg5Z30DtocfPilX3ahnM3zNeqvqw526', 2, 1, '2023-04-18 19:25:26'),
(798, 'john739@h.com', '$2b$12$yXuiSYXVZV03LeEVUU2xmexkt61yK6h7bj4hx2pECT.LQA4AbZFMi', 2, 1, '2023-04-18 19:25:26'),
(799, 'john742@h.com', '$2b$12$YNOQkjc2vIfdtC2NWvZJNea7QQCxWhukDFIVvx4Po89NGz0hJqR9u', 2, 1, '2023-04-18 19:25:26'),
(800, 'john743@h.com', '$2b$12$YlLMg4k8KqnQgun2Am8eDeaHPtoSvfTqBTYXOIv6C.NFcEosdBynG', 2, 1, '2023-04-18 19:25:26'),
(801, 'john741@h.com', '$2b$12$d2PihFplOJumA5ne/v0PouTWoActHPfC/S9DeA88cwQ137/sjkG/O', 2, 1, '2023-04-18 19:25:26'),
(802, 'john745@h.com', '$2b$12$W6d7aLX0yVksgpMepaqg1eMg4suxQwJSIb6kEZN/N6lH33bAEMqAG', 2, 1, '2023-04-18 19:25:26'),
(803, 'john746@h.com', '$2b$12$ONzQ5nnih6.Tdd.SVcKEUObO2XYesDOGuYIoO0OIgGZaxv3TIXKfO', 2, 1, '2023-04-18 19:25:26'),
(804, 'john744@h.com', '$2b$12$eWBcexeQoyWkB4R2HYoAWutCc1GL0zI/4arTpZLbbieeNvPrfwtZe', 2, 1, '2023-04-18 19:25:26'),
(805, 'john752@h.com', '$2b$12$ts2jAaTG1PlbrD3g7Y7bQ.Ks9gmIRi6Tis2ViJ0LcCxB7gPY5r2QC', 2, 1, '2023-04-18 19:25:26'),
(806, 'john747@h.com', '$2b$12$9flWjOl3CkUoCsLArSvjQuKwmEIOPxgV6TicHJCFqXMFFV6Q1fkqG', 2, 1, '2023-04-18 19:25:26'),
(807, 'john748@h.com', '$2b$12$Dmm6lsvUhMwvJt1/kkT1.OU6qy4o6tYgi5sxLuKD8G2SiaBtuBu9m', 2, 1, '2023-04-18 19:25:26'),
(808, 'john751@h.com', '$2b$12$OxHnMxwXYmhynm9NQ9ANbe.3ciC1ch.5Eg5IVSWKGknP3lQ5/jOCC', 2, 1, '2023-04-18 19:25:26'),
(809, 'john749@h.com', '$2b$12$TbtagrZ3vUygAB8kBGw.8ula415k89c1SnKjVxJdnMTpWM45nnE9S', 2, 1, '2023-04-18 19:25:26'),
(810, 'john750@h.com', '$2b$12$WtrGzukNfmW87ZoKw1.MruqJHh5MtSS6Sr60OO/pVgdpTa9ZaFoxO', 2, 1, '2023-04-18 19:25:26'),
(811, 'john753@h.com', '$2b$12$FFrjf.qaSWxkrVxRxRa91efO2ZJGxe23.lyh8Cb4HNUtAmd.DQ49C', 2, 1, '2023-04-18 19:25:26'),
(812, 'john754@h.com', '$2b$12$4c9Fzzk9sYtkjtwLhZsR8OBiC.3rMY3q806aeImwSEyCXPQyfgbwK', 2, 1, '2023-04-18 19:25:26'),
(813, 'john755@h.com', '$2b$12$Dq99VwO8KS4LhhP.xj5CFuLvNL3rFZbrwzrJ6Rwm510CvEmFl9HD6', 2, 1, '2023-04-18 19:25:26'),
(814, 'john757@h.com', '$2b$12$JuT2lYFtx3eVFLGUTGYZWe3Y5d7AfdXwBq422N21Is0HVLj1nFgly', 2, 1, '2023-04-18 19:25:26'),
(815, 'john756@h.com', '$2b$12$yRoOoIjgDOgZqsNjnUewk.cm/yhKMQD0t0iUc7BbiZPqPQS967LVK', 2, 1, '2023-04-18 19:25:26'),
(816, 'john758@h.com', '$2b$12$QNILzeDwfGosAhtRQHy.YOzFzjCB9W7zcf/6e2weUqpY22og1p5ry', 2, 1, '2023-04-18 19:25:26'),
(817, 'john762@h.com', '$2b$12$9NhT74lwkFaDnj4Sm9B26.rRdFQj2KnSUKDCOqUIRPUMJWVcGvJ4K', 2, 1, '2023-04-18 19:25:26'),
(818, 'john760@h.com', '$2b$12$ud1LMienRCUzYKArf.LU3Osyph1vWeDddu1ERqas5fH/EzEHKK4Ne', 2, 1, '2023-04-18 19:25:26'),
(819, 'john761@h.com', '$2b$12$XfkAVSTMdtghE4fgWBgo2eGuGyUX5jKofzr8BD3lR.JhycC83zI5C', 2, 1, '2023-04-18 19:25:26'),
(820, 'john759@h.com', '$2b$12$xzYEtrzUYEBErW4tPJKlq.SvH2bfRweKqzCQSlisRnSZf3TTlrgay', 2, 1, '2023-04-18 19:25:26'),
(821, 'john763@h.com', '$2b$12$Q114N4adsVDrfemk291j1eN7dwmDYPGP1JTk3TbZCAsicNFfoslc.', 2, 1, '2023-04-18 19:25:26'),
(822, 'john764@h.com', '$2b$12$nM6eNOUktES4r8Gl.gLyXeqnMKmGWhplw3U71hJAd1YWm8n76HC26', 2, 1, '2023-04-18 19:25:26'),
(823, 'john765@h.com', '$2b$12$8lcPLBpOwPOpT8Cy6FN.1.imGUmKLvYIce6TtHn2rkqLVwQDWW84C', 2, 1, '2023-04-18 19:25:26'),
(824, 'john767@h.com', '$2b$12$b3SlSZNvdHIFJtBtrd4L4OwA3ZWxFrfrgKfPV/ih3IUb0U8uJUlPe', 2, 1, '2023-04-18 19:25:26'),
(825, 'john768@h.com', '$2b$12$HefbNcHbfeIS3CotyrFAfOEBmFilcqfWibULcu6xn69zu/3rKsmTS', 2, 1, '2023-04-18 19:25:26'),
(826, 'john769@h.com', '$2b$12$BQxG4nU5nyO59VyRJYyGXe0F090wKB9iSRPKBgGmuLGVMSRjZgVWW', 2, 1, '2023-04-18 19:25:26'),
(827, 'john766@h.com', '$2b$12$t54gUm6rKIwlCckROSu1.OCK59XbnBr5lqWAxbmHjrCk4HckPZodC', 2, 1, '2023-04-18 19:25:26'),
(828, 'john770@h.com', '$2b$12$yzk6RWuPvKvLFIb8sR1QU.j.RMuNcxE4l4oBJJYO12pkQUHA.joSC', 2, 1, '2023-04-18 19:25:26'),
(829, 'john771@h.com', '$2b$12$/XgPI6l5KWY2T7s2kKX1m.8oAkxZ0bqv61JhPrNGLnkoRPguxAAru', 2, 1, '2023-04-18 19:25:26'),
(830, 'john772@h.com', '$2b$12$6JQ/b/.WSsgFkaE5ZluYLe3rngF9fVaFkJBqLyRETiuwY./b8qZFS', 2, 1, '2023-04-18 19:25:26'),
(831, 'john773@h.com', '$2b$12$ttdvQJEiCUkufmngBKzuvuNsV1q0T/WzcrZnXa.H42Pdw4aX5vhdW', 2, 1, '2023-04-18 19:25:26'),
(832, 'john776@h.com', '$2b$12$GINj2dkW703pYndBNlFww.AvsO5sqECpTmkG4Vo1TMuwBqVNWwnVK', 2, 1, '2023-04-18 19:25:26'),
(833, 'john775@h.com', '$2b$12$SjEdVkeMZ2uPQPB6E15ILOaHxYKlsfNQK/iTYQNpXlxiys6PmAcUa', 2, 1, '2023-04-18 19:25:26'),
(834, 'john774@h.com', '$2b$12$wZ22FueiqRq0Si1ill4QCuJU3jPxXXfgGLG8h4vmpp1NGgVPpVB66', 2, 1, '2023-04-18 19:25:26'),
(835, 'john777@h.com', '$2b$12$sTlWj.hxGOyeWzXpTiZ4veHFHPT/dpv4l8YiWnUhxpn1LG8zwW7Q.', 2, 1, '2023-04-18 19:25:26'),
(836, 'john778@h.com', '$2b$12$5ytEheYRzFjnUg1hrXfFRu.msQvOItOzhA53qVdwF2Uzj//ij0olS', 2, 1, '2023-04-18 19:25:26'),
(837, 'john779@h.com', '$2b$12$sFSEA1F7niV9Oxi/S/nCv.rHvZqRYLgFe1CPgpSH5N4nWwpFVVOqq', 2, 1, '2023-04-18 19:25:26'),
(838, 'john780@h.com', '$2b$12$rm30caeuLYiy2GkA1.KszeP.sp0fseQxVYMk2rXWbOAxCc4fYZWwa', 2, 1, '2023-04-18 19:25:26'),
(839, 'john781@h.com', '$2b$12$EBdwJU5KsPRxZf.h5SvNdOiObZGYzeUSN3p2H2yW3lhkBXRsYf07y', 2, 1, '2023-04-18 19:25:26'),
(840, 'john782@h.com', '$2b$12$5A1aXbfvmIR8VJWsGi6isOqi110MfdjL4v87pySLgptvHgj0gild2', 2, 1, '2023-04-18 19:25:26'),
(841, 'john783@h.com', '$2b$12$VTznVPPJH6wb8Ak8FX7KUuKw5SxVI.alntkVcU0aHYWGtCSSbarRy', 2, 1, '2023-04-18 19:25:26'),
(842, 'john787@h.com', '$2b$12$EFVATRX6kznRHdCEVcJJrO5orCraFq7ylEvW5rM4gUmsI8asUDPBy', 2, 1, '2023-04-18 19:25:26'),
(843, 'john784@h.com', '$2b$12$jAz6eI4lIzq06onF8VOJ9OdY..ofZyZmReX8pcrDVkEsagt4RVBFW', 2, 1, '2023-04-18 19:25:26'),
(844, 'john785@h.com', '$2b$12$jBc6ysfHXBhQDkqrTcWHKu2/xF6Hl0D1wY8zF2OrFRdHOokAYF74e', 2, 1, '2023-04-18 19:25:26'),
(845, 'john788@h.com', '$2b$12$rAeafUliOuVsH2alfovzG.rRsvFpPTrAU9TYrTUXDr1QbirhQo58S', 2, 1, '2023-04-18 19:25:26'),
(846, 'john786@h.com', '$2b$12$hnKil9QJW1MNdfS/Gw5m5uqZlnlPOlUZsWcme3/tKqSv5vmB4B4Be', 2, 1, '2023-04-18 19:25:26'),
(847, 'john790@h.com', '$2b$12$d13IUSGr.kHj4IQ88bjSO.1IuLvOJIV2IVCO7npk985ND1ITux7n6', 2, 1, '2023-04-18 19:25:26'),
(848, 'john791@h.com', '$2b$12$TUCp.0OfeK2Sf4HVH3UPV.Igbh6neN78aD2PQaxw7s6WrI10Qc/pW', 2, 1, '2023-04-18 19:25:26'),
(849, 'john794@h.com', '$2b$12$47yrF2MxJA79AsajmhFXB.s1fD4SOXplssFPb.2Sm702BVZSw0K0y', 2, 1, '2023-04-18 19:25:26'),
(850, 'john793@h.com', '$2b$12$Qw2nW4UgX/AsLU185WOLD.8ahtEs.iExCaO0EvwRFJSPohHIBAnbi', 2, 1, '2023-04-18 19:25:26'),
(851, 'john789@h.com', '$2b$12$L.qfZ1c42GEei0lnqgP/Qu/8wr3MFrmVoQsNTMRN59rUolIw1JnuO', 2, 1, '2023-04-18 19:25:26'),
(852, 'john792@h.com', '$2b$12$D25I6Y6aKqg0dPlro7/OAu/KvuF.mD5RzhTvI2gE6wTh8lmS5h.b6', 2, 1, '2023-04-18 19:25:26'),
(853, 'john797@h.com', '$2b$12$p1DCM/j523L1kiylGwiLV.1YZhkxuW0ueK4.ixY3ak29vHz8bxh32', 2, 1, '2023-04-18 19:25:26'),
(854, 'john798@h.com', '$2b$12$iWiVstypHTVuQ6qc3t1Hu.jBG7.XKLDo0EyJcugWl6kg.QoQ8OzM2', 2, 1, '2023-04-18 19:25:26'),
(855, 'john795@h.com', '$2b$12$ROA9V.iuPUcuWAvkyDvxyeSmuZz3zFIPe.J.VlPW7AKXUP8eZwuYG', 2, 1, '2023-04-18 19:25:26'),
(856, 'john796@h.com', '$2b$12$CzGPFjJLnCaUbuAwDxfT8uTji6qeIjmIRL2H0.U4slTz0grCHV.Iu', 2, 1, '2023-04-18 19:25:26'),
(857, 'john800@h.com', '$2b$12$HOguq5EBgmHrPCQ7XG9t1ePlU9Fk45v8aQDLa2ijIlwvnP0lJK0zy', 2, 1, '2023-04-18 19:25:26'),
(858, 'john799@h.com', '$2b$12$oaWF5W24/ifWNA5DsEUtz.mESxt6QFonRaomf5wECErvLRkegJTm2', 2, 1, '2023-04-18 19:25:26'),
(859, 'john802@h.com', '$2b$12$agZJJtRfmn2pL1tqpuuQFOUoau49QfE2Vm8I4ybeVdX.LIKZfn7UG', 2, 1, '2023-04-18 19:25:26'),
(860, 'john806@h.com', '$2b$12$IC9wNrho3e5yPhWkSah07ee3kbD8VpsgLJW/nCzVtyvkoIf22PKNG', 2, 1, '2023-04-18 19:25:26'),
(861, 'john803@h.com', '$2b$12$KKdkrSQJ9afm6jvzU0SUUepQiFgTKu85SmqGUU4n/8gSoOxP41uDu', 2, 1, '2023-04-18 19:25:26'),
(862, 'john801@h.com', '$2b$12$x9RuN7SMHaTOxpq36G45je.Oa/wxFM/Aj2ecDmseQ1U.nzvsSWZSS', 2, 1, '2023-04-18 19:25:26'),
(863, 'john805@h.com', '$2b$12$vWAxJppXDPYfVbchLPC9aebRDEvDUH2UfsHP7fxa9QGdgwOdjoW8e', 2, 1, '2023-04-18 19:25:26'),
(864, 'john804@h.com', '$2b$12$yRNJRdBEXZ5A/xyEj6L7d.wSLGrl7W77jSlhle3rp9mF/LL3wyl2.', 2, 1, '2023-04-18 19:25:26'),
(865, 'john808@h.com', '$2b$12$cl5aMwpzN0dJiyvCG5HlbujA.BdZsP6FTun6iicRCjnuAHxNvNBgK', 2, 1, '2023-04-18 19:25:26'),
(866, 'john809@h.com', '$2b$12$B2ozEBgPuxPDjerRS7caPOuVLRBxRlU0rAM0i1Mu20MOGpo26b.EC', 2, 1, '2023-04-18 19:25:26'),
(867, 'john811@h.com', '$2b$12$MqgX2Y4fbzU8JFVnOPIvROVFpCAihLKqXNk2UYVOJcVdBzBTospq6', 2, 1, '2023-04-18 19:25:26'),
(868, 'john807@h.com', '$2b$12$kHTexgoxTDBDdqltMevbz.oIHLoISYMLAppMhDjzAp3HM64XC8zs.', 2, 1, '2023-04-18 19:25:26'),
(869, 'john810@h.com', '$2b$12$o6odv.X8VWfkqm/QGoH7V.dC951CR92GACFm8cnLTFQLjzOvsjH5O', 2, 1, '2023-04-18 19:25:26'),
(870, 'john812@h.com', '$2b$12$uaUNCKsXPlSvjjboZB0NGuxuhyp5x2/FA/kfitb3y.mTZmO3O9YRm', 2, 1, '2023-04-18 19:25:26'),
(871, 'john814@h.com', '$2b$12$r8XbTwozYF29JJ09nG5z0OwXvIH/iVmTUwS8tVOtcGheH0NqzxYjG', 2, 1, '2023-04-18 19:25:26'),
(872, 'john816@h.com', '$2b$12$YRhcrEzbczMp8GGf74xO5OHR5C4YGrx9.hLgrA4LQkPAsuKs.bCua', 2, 1, '2023-04-18 19:25:26'),
(873, 'john815@h.com', '$2b$12$9ved0zK0D1cP0xAUCh/HIOGwBjZbTsBOHcsD1l2ymFBJ9ZWdbUyVq', 2, 1, '2023-04-18 19:25:26'),
(874, 'john813@h.com', '$2b$12$fkDW5M88dSIJ8dutmRUZb.bT3pgBRqhWwTe0F./P9ciWn9LtPlq5e', 2, 1, '2023-04-18 19:25:26'),
(875, 'john817@h.com', '$2b$12$FIvr.6YgTaIvi7qQq.tpo.AUjuubnRzIj/PiKIJUayZaTPynPxWoi', 2, 1, '2023-04-18 19:25:26'),
(876, 'john818@h.com', '$2b$12$tJ86gh.nO6pMmAjTzSQSUeYa4Ry/xVm.cFGqvn/C8hUOja/o2L7lC', 2, 1, '2023-04-18 19:25:26'),
(877, 'john821@h.com', '$2b$12$JITuEUWv4o5ACTZoHCUozemXMzLHsoLDz2K8f0AE5cBd2s0/1ruXe', 2, 1, '2023-04-18 19:25:26'),
(878, 'john819@h.com', '$2b$12$EHPgU2khnPbWoqJXg4lrG.hH.i/vgCcrcyqHsM37fRJu8MzUGrlfi', 2, 1, '2023-04-18 19:25:26'),
(879, 'john820@h.com', '$2b$12$FHWPZRxQXlucN/HV6rM2a.JMf8JLMvpZRTpy6LfVrhRILd0Yi/C8W', 2, 1, '2023-04-18 19:25:26'),
(880, 'john822@h.com', '$2b$12$tO5vMquDRErdu.PHIN0m9.FCAKocVriZVGMc90NOF.FiZPsX84Z96', 2, 1, '2023-04-18 19:25:26'),
(881, 'john823@h.com', '$2b$12$YQGH2amJMY.n8vufPhGxlek6SXATnKZWsozxSVzRQScHwGv9OOxo2', 2, 1, '2023-04-18 19:25:26'),
(882, 'john824@h.com', '$2b$12$w1526nUfwN1mEH1dXhPNIu6R0uVgsT07kTkMMrjuXM5SbMP5weAY6', 2, 1, '2023-04-18 19:25:26'),
(883, 'john825@h.com', '$2b$12$484IuMva9tzRjqXdH.HsSuztUOOJIFIc.vIIvdXNNQ8F4nAzD4AK6', 2, 1, '2023-04-18 19:25:26'),
(884, 'john827@h.com', '$2b$12$RgZ/wzop7RLbI9CAOhlDweFa3HX8rzjY02XZFLIeiRP1vZ4wmomMy', 2, 1, '2023-04-18 19:25:26'),
(885, 'john828@h.com', '$2b$12$w4CbJxSrvE3nTUTIgeTkouBT85OemjUS5/xR2vIARxgsISt8m.n4G', 2, 1, '2023-04-18 19:25:26'),
(886, 'john826@h.com', '$2b$12$.17SfnhgGYq5GabdGB4FZ.3JUMMUyieQxuev5XRwXrzta59wnD6cC', 2, 1, '2023-04-18 19:25:26'),
(887, 'john830@h.com', '$2b$12$ZR6Pm//7oErYPXE/P8BRbeQKrCH.hkUoMGPvyYX7NzEWKpueaXGnK', 2, 1, '2023-04-18 19:25:26'),
(888, 'john829@h.com', '$2b$12$GvZZ99wks.bhzP6i3sWNoukiS8H1B4d27nZGD.mpl8xFkybH6KIvS', 2, 1, '2023-04-18 19:25:26'),
(889, 'john834@h.com', '$2b$12$3NM.PAEgjVp1KtUwxGsCGuf58aN5hrPxdnmITjY.ZE6CZGX3a0yc.', 2, 1, '2023-04-18 19:25:26'),
(890, 'john832@h.com', '$2b$12$eLC1LluhLA6LGllbVr/AWeGw17HQFt2PUk6K.p/mr7ee4p/gGRodC', 2, 1, '2023-04-18 19:25:26'),
(891, 'john831@h.com', '$2b$12$lH7vTa1ch/wlMSY7Cx0B7.W3OgDJDL.q0BtK53nzSRiXVhtuO4LQ6', 2, 1, '2023-04-18 19:25:26'),
(892, 'john833@h.com', '$2b$12$dhqCDz4Go05H4wAXvkIuz.WSXO/ppcO5U1tON1OM.qsHpIjemWgX6', 2, 1, '2023-04-18 19:25:26'),
(893, 'john835@h.com', '$2b$12$2c90y/2XL7OCOmQyW/8.zuY.QpnJV3iQJv7Kzvtm0hJB3aS7UKJxi', 2, 1, '2023-04-18 19:25:26'),
(894, 'john836@h.com', '$2b$12$mtpcQH5iAaEryxXtFMDPRuVb1u6wmPGjs4JPVluiz1ObNSSwzv7ce', 2, 1, '2023-04-18 19:25:26'),
(895, 'john837@h.com', '$2b$12$39x1nTpCBanX09dYcAwUc.ew5MxRYb1Q2HDqwOXACGcXpFGvOf3N6', 2, 1, '2023-04-18 19:25:26'),
(896, 'john840@h.com', '$2b$12$FRtr2JQIpOha/5tQ1s3lLOvHX1RrZ45WeNnYw82ZjJDhbVj.Kox9e', 2, 1, '2023-04-18 19:25:26'),
(897, 'john838@h.com', '$2b$12$GCmiVmwDpdL6GWWLCX2s0uP3zEuc2V/Qb78lsMQzV48bkOd8.UcPy', 2, 1, '2023-04-18 19:25:26'),
(898, 'john839@h.com', '$2b$12$F5m.SxtNLn8MtZfNwQ.20uOLkAagGc0z2c08y8ubM1BtrzBABh.Mq', 2, 1, '2023-04-18 19:25:26'),
(899, 'john841@h.com', '$2b$12$zHba5iToscgg1TUpER0NMuKEjWqX8V7Q1gkfStj0/8UnOiR2WPRLy', 2, 1, '2023-04-18 19:25:26'),
(900, 'john842@h.com', '$2b$12$7nHjjganaOupqHs9VLn/YumSrEC1T/4MYZgfKNMnLFzIhtaRoRgZ6', 2, 1, '2023-04-18 19:25:26'),
(901, 'john845@h.com', '$2b$12$lHiooE4RqGz6SoLNl2jhyuVbJlbNuZ8L5D/jHoOrao7pQTgQLgYMi', 2, 1, '2023-04-18 19:25:26'),
(902, 'john846@h.com', '$2b$12$gllpiuvBk3lpSYMjIyrtSOGeUVd.txcU7glyUeR3gzOZm4MNBeeZy', 2, 1, '2023-04-18 19:25:26'),
(903, 'john848@h.com', '$2b$12$iWpfhGlxauwPe/isaiTGJOXXsq1BFxAIvAjr/GqvVVGWlIjxCItT2', 2, 1, '2023-04-18 19:25:26'),
(904, 'john847@h.com', '$2b$12$oGlxNbdu7ZuGT2KFTsGgbu3mHzRhSiiwljd7MEMEDs/cDLbMxPxCC', 2, 1, '2023-04-18 19:25:26'),
(905, 'john844@h.com', '$2b$12$AC.DgsyldG2pDPLfZe/T4uFf2F42WbGvaxa2Ptf8SCZL5zimNr9ke', 2, 1, '2023-04-18 19:25:26'),
(906, 'john843@h.com', '$2b$12$88riZWR.vNTEw/W2.aoBA.GIklzR7b7wppwAmXipIFEtz8daVAc0G', 2, 1, '2023-04-18 19:25:26'),
(907, 'john854@h.com', '$2b$12$nHm7bafJs.EGj9ix86DJFOE5z49FtnzMwfVtJ.RsOr10D15bvvRLK', 2, 1, '2023-04-18 19:25:26'),
(908, 'john850@h.com', '$2b$12$4pMuTr.PqVT8oXolvgoK2OjplAZUFXUVo9X/Go80dpp5I88pGnwxi', 2, 1, '2023-04-18 19:25:26'),
(909, 'john851@h.com', '$2b$12$vwDlszEEWBWyKEsyAdg6AO4FGwDecYXhx.2lv/KmGb8ZP.pUKQGGG', 2, 1, '2023-04-18 19:25:26'),
(910, 'john852@h.com', '$2b$12$4vLW.s8WVVVGoTj5dse4OOActy.1q6RdHqQLPKQYBp3h7fp2/jdqS', 2, 1, '2023-04-18 19:25:26'),
(911, 'john853@h.com', '$2b$12$2Rf83Tge/xWhZsEWb9v9Meca3H4q45HexvM0EjNL7P0IgpF6sBcKa', 2, 1, '2023-04-18 19:25:26'),
(912, 'john849@h.com', '$2b$12$gDDhxeMpb9TunYxY3ifE1eHOLp0kEQfmobLtj3B35FBBC95XTdEiO', 2, 1, '2023-04-18 19:25:26'),
(913, 'john856@h.com', '$2b$12$4oir6meN7nEtmZ2k7vxg1u2oh8xyH1kAeRynlcI1PEAiTpOU2bmUO', 2, 1, '2023-04-18 19:25:26'),
(914, 'john855@h.com', '$2b$12$Eoeh4ZI3fNkhbfsNV7hykOAK.RSGxbHX7lgyJNSlVv4VheGmcvdA6', 2, 1, '2023-04-18 19:25:26'),
(915, 'john857@h.com', '$2b$12$l8GQ3/.AKnqk0EZhBasHQeTJho6NkA7P5Fq.hLdo/NCaMyoeWI9AO', 2, 1, '2023-04-18 19:25:26'),
(916, 'john858@h.com', '$2b$12$9y/opj/71oBXC48.Jsyi6eArNXJb37UhS77x2aqoOnrUa5FkkDo1u', 2, 1, '2023-04-18 19:25:26'),
(917, 'john859@h.com', '$2b$12$WLV16O.GqR3F4xh8m6rokebg8j2yPmvSrUsrff9M65gVeUvj2Mi92', 2, 1, '2023-04-18 19:25:26'),
(918, 'john860@h.com', '$2b$12$y3ojq/VKuXbP/Q82HxXtPuFLbUXwLzFuKBDbDslGkDZKNBRJK5kzi', 2, 1, '2023-04-18 19:25:26'),
(919, 'john863@h.com', '$2b$12$O.nA305Cf9MCUSiNJNwSL.cWS69BQ8Uf42YwtE54vvy1bHHDfarea', 2, 1, '2023-04-18 19:25:26');
INSERT INTO `usuario` (`id`, `usuario`, `password`, `id_rol`, `estado`, `created_at`) VALUES
(920, 'john861@h.com', '$2b$12$kuloQyenfYhRDjSxOtJ.qumW0fLxiWWe5GGqtn7ta7lMGP61XXh16', 2, 1, '2023-04-18 19:25:26'),
(921, 'john862@h.com', '$2b$12$Z3FTTk8TA8LJ2aiyN6DhkusoA.8P57LsvpKIhqIko6iqk8ebU7lS6', 2, 1, '2023-04-18 19:25:26'),
(922, 'john864@h.com', '$2b$12$dVm4R.E1Z045Up7yJ.Sl3.sc/M3TH.W9zUywNUNEJTNHDxl5DySRm', 2, 1, '2023-04-18 19:25:26'),
(923, 'john866@h.com', '$2b$12$mOD5iPO0Z8NPAxL9OLN/eOyK68nvExGlvPJQ.BK/MT9iP8yhuXnyS', 2, 1, '2023-04-18 19:25:26'),
(924, 'john865@h.com', '$2b$12$V2sQZQwwd5TpBVlmYLBoLOYSFw6OcU.1Jb1sMAThVftSPb4LNPOKK', 2, 1, '2023-04-18 19:25:26'),
(925, 'john867@h.com', '$2b$12$DYvmml8oEhQNrrwRCXeave5LxnV..fJB/DYTmo6Gv1Zmny.2PAu6e', 2, 1, '2023-04-18 19:25:26'),
(926, 'john868@h.com', '$2b$12$vVhxySY2PS8rvagqMUwFLOLwKKjMB9OYtXWM9WiDu7bq/UpgGttwy', 2, 1, '2023-04-18 19:25:26'),
(927, 'john870@h.com', '$2b$12$r7klhdnuHnCIpvX8kpLsgOrOLZpUOJoawIXYXk8DHSZwZAsCUO8IG', 2, 1, '2023-04-18 19:25:26'),
(928, 'john869@h.com', '$2b$12$kAkNMEFMYcKBwXtqChuA8.dFCyorE5AswrAnmJUUfsmuuup6LNR62', 2, 1, '2023-04-18 19:25:26'),
(929, 'john871@h.com', '$2b$12$iJ8fcjRe1MHbTR43knJtEOUUaEgNCa17iA52LBxFaWrNGH0cmaiIy', 2, 1, '2023-04-18 19:25:26'),
(930, 'john872@h.com', '$2b$12$A3FycJPr4R7H2ynMXb.bL.Xt3aXrlDqYvN.KktG/tor2uD4jj9AmC', 2, 1, '2023-04-18 19:25:26'),
(931, 'john873@h.com', '$2b$12$.lf0aM7H1EPTKch6mf2nqup7A.Mr8oPNdiBmClaPJ3qKgfKa8v.lq', 2, 1, '2023-04-18 19:25:26'),
(932, 'john874@h.com', '$2b$12$aGaHIT5fO3IFEHOUEsZO2e5lmH0ylqpuAuOStKXlD7V9O2sseiqze', 2, 1, '2023-04-18 19:25:26'),
(933, 'john875@h.com', '$2b$12$ztP3IbVh2PBZ3NLb9SZ4wOrEbqMuJNS9aCQRThtHHJS4ox7SEtR/C', 2, 1, '2023-04-18 19:25:26'),
(934, 'john878@h.com', '$2b$12$t0HB04omZx5qGb5.TmEcQ.waCLLsbiO.YsGEoyZ0Y3c4cU0PhD.wa', 2, 1, '2023-04-18 19:25:26'),
(935, 'john876@h.com', '$2b$12$FFLMR8.wlNI0d/Q3DBtnCOM5QAbSMhlKbp1WyRxr89FSj05Y1PzIa', 2, 1, '2023-04-18 19:25:26'),
(936, 'john877@h.com', '$2b$12$qrIClNmDMs5cCqzOsCP6uO6qlr5.JNLjBD8WnmspW.Xa6yblU7nze', 2, 1, '2023-04-18 19:25:26'),
(937, 'john879@h.com', '$2b$12$ukCe28T8T3wuuXNoshvSe./D70ui59NNmOJUGRtD0fPBPqrpALmu6', 2, 1, '2023-04-18 19:25:26'),
(938, 'john881@h.com', '$2b$12$Ad8B.6mwECpGqW0d2183pushejsQFf1xHnTOUgu.Mrcc1U3GwkWAu', 2, 1, '2023-04-18 19:25:26'),
(939, 'john884@h.com', '$2b$12$SenKeXjk8JTbVgo9C65oUuTuiidS.QtdP5wSSBALM/3pFBDNPhOge', 2, 1, '2023-04-18 19:25:26'),
(940, 'john880@h.com', '$2b$12$FmbgdpTbY5zU9t2XUpnfIOW2WfFNAo.Ln4Z7TorvalNxk//k2Ublq', 2, 1, '2023-04-18 19:25:26'),
(941, 'john883@h.com', '$2b$12$V9za8gmRF36QeI0eS99/yetbNfc3ILRa3OLn80wUpPJ7TrJ6y00Fq', 2, 1, '2023-04-18 19:25:26'),
(942, 'john882@h.com', '$2b$12$SfqluFV7wiF3hIGQzUSRGuj8yoMgeVqNaoqXUHKIEUUMB4N/JP5ai', 2, 1, '2023-04-18 19:25:26'),
(943, 'john885@h.com', '$2b$12$Nc0A2nLney4KYOcUqtPoiemhDeF48rqKNAH8sUJ9RGuAHayHgk2n.', 2, 1, '2023-04-18 19:25:26'),
(944, 'john888@h.com', '$2b$12$/8hTJjVTj.VVPyMqYfw6cuqsbb0Ur97hY6R2d0dikogWi0HmzVy.G', 2, 1, '2023-04-18 19:25:26'),
(945, 'john889@h.com', '$2b$12$8w9CemXbDCxuulZ0ig8MDuq18JhdX8x/loYvXACys9WeggAyecD32', 2, 1, '2023-04-18 19:25:26'),
(946, 'john886@h.com', '$2b$12$tj8.xqyPdXUq.mrkbTmYhuKXDDn8wiW34fdSzsy4UkHoj6Jv8q9lO', 2, 1, '2023-04-18 19:25:26'),
(947, 'john887@h.com', '$2b$12$w4wksBctbMeKDbpS3./t7eRbgA6bHiPIOKG/4j9GCH0tb/nyP49s2', 2, 1, '2023-04-18 19:25:26'),
(948, 'john890@h.com', '$2b$12$A9Btcb6.UWdrDGtBLlHXZesyMicajHqXKwz8VCQLpGAsW.ISrUp6q', 2, 1, '2023-04-18 19:25:26'),
(949, 'john894@h.com', '$2b$12$bufLGmxIjpE62ykWNmZTHeQaqQRDKRa2T4KgDSuqq4KRdyP1fhKgC', 2, 1, '2023-04-18 19:25:26'),
(950, 'john896@h.com', '$2b$12$j.aHDNlmLvPHb3yiKkAzY.0S/pPfdTxjBq0PgJCN6Ta/XakLv7u3O', 2, 1, '2023-04-18 19:25:26'),
(951, 'john891@h.com', '$2b$12$s6TdHG4l2s/Xn8wKlHF7quCsN/wVzwwjASxmeMVeXhF3uxKCagm/i', 2, 1, '2023-04-18 19:25:26'),
(952, 'john893@h.com', '$2b$12$uZG2TUG0oe3PsYCR.csyBuQdUtP6vwsT3US.2B1fWxAVUPa64b7wS', 2, 1, '2023-04-18 19:25:26'),
(953, 'john892@h.com', '$2b$12$Xqrq099B.feVYGT3/lTFD.Zp5zxES1DzE6PxSnNdy7X537h6uuJ2G', 2, 1, '2023-04-18 19:25:26'),
(954, 'john895@h.com', '$2b$12$4KoMI/wBgiq3wwSPcmYb5u8xnXWDVTBuSMyIM02IhgV1lPEFGOe4W', 2, 1, '2023-04-18 19:25:26'),
(955, 'john898@h.com', '$2b$12$J4LLuU/ogEkAOTxvZQx1E.H2fHmycSe2QLefw25B.UGl3I1.guaAC', 2, 1, '2023-04-18 19:25:26'),
(956, 'john897@h.com', '$2b$12$Fnrc8Y7wNZU3gSKV5FcJd.Tq3AHggN.D8zuJ4zYqpbM2Vuz42rJUq', 2, 1, '2023-04-18 19:25:26'),
(957, 'john901@h.com', '$2b$12$zA8LR4qg3OrZza2kjJGoqO3bY3a0iGLaxDgzJmcE61n7sp9KYPUt2', 2, 1, '2023-04-18 19:25:26'),
(958, 'john902@h.com', '$2b$12$nySyWVkQ2onVyeYkyfLm4OFhnmjUjhnQh3OGqEJ0Thg.hSjMR6UzK', 2, 1, '2023-04-18 19:25:26'),
(959, 'john900@h.com', '$2b$12$xaoIuPRkDpbFTFGnsknLV.skB.5rEFUgaXYJMxESvWVDHfiMQRSMi', 2, 1, '2023-04-18 19:25:26'),
(960, 'john899@h.com', '$2b$12$ws1gp/Tl.ycuzBCSnrSwrOufaW4gtpWSv2dFmAFt42UG1RDeKoirm', 2, 1, '2023-04-18 19:25:26'),
(961, 'john905@h.com', '$2b$12$XR.XJ5ykkW3tF1nO/L1F7ea528Y/tJMNZ9Sc0xWAk1ejscAEQJ662', 2, 1, '2023-04-18 19:25:26'),
(962, 'john907@h.com', '$2b$12$0bfTDLHCToTaRJkwHL66KesUZGupUkPk9p6qOG7X.ERWlYfWy90mG', 2, 1, '2023-04-18 19:25:26'),
(963, 'john906@h.com', '$2b$12$3l331.BY5bixVHB/DVHh8OhY6HlIu.qJrKRfI20bouhc.o.IAYFDi', 2, 1, '2023-04-18 19:25:26'),
(964, 'john903@h.com', '$2b$12$UVX5GOHvfDlKtUj1SUeKKeVOBfhV/dlZGx3LrvfGtanw7TSu6P8ee', 2, 1, '2023-04-18 19:25:26'),
(965, 'john908@h.com', '$2b$12$czITgnHRcrV8AKTxWwjLh.YlX1ubWNvMl37o3wU7igvYvX4PjBeM.', 2, 1, '2023-04-18 19:25:26'),
(966, 'john904@h.com', '$2b$12$e/FFPXENLeOpZJoWBJu1we2lPVMmczgfScwIAzfjbGWOuXTAPN8AC', 2, 1, '2023-04-18 19:25:26'),
(967, 'john910@h.com', '$2b$12$DdUpnVZylKe6j0qgBPJcm.BOfRE3EWN4Ht4LFhl3/yefhhCGH3K96', 2, 1, '2023-04-18 19:25:26'),
(968, 'john911@h.com', '$2b$12$Yl8COqv6KVJ7/Bj5eU9i5O7Z/NY1d4ZB8xptFcnXHA6m2GgsC.Jf.', 2, 1, '2023-04-18 19:25:26'),
(969, 'john909@h.com', '$2b$12$5B5qnE7Hvh1TdSJKqmuXwe0p1FzFhLnGAWG5k2WdRgJR2pMgasA1O', 2, 1, '2023-04-18 19:25:26'),
(970, 'john914@h.com', '$2b$12$P43QsV0j334NctrhbSwk2.krIs.RA.Prl90e3yDj188nh3KU27wRm', 2, 1, '2023-04-18 19:25:26'),
(971, 'john912@h.com', '$2b$12$.dsbzhpPhhkzwMaE5S8j7un2p.7Yah8DRsZmz22kaWxZ/aP5gB3de', 2, 1, '2023-04-18 19:25:26'),
(972, 'john913@h.com', '$2b$12$FDnQ./7bqiM0s2WXtSAwDeWDC60ld.yJ2FCLBj5/Rf6w33HGXnRO2', 2, 1, '2023-04-18 19:25:26'),
(973, 'john917@h.com', '$2b$12$srqoGu4wvl3Mb19dskKf0.5V8CwV6XB6SIwYOtxzi9hbOd8jqQ8XW', 2, 1, '2023-04-18 19:25:26'),
(974, 'john916@h.com', '$2b$12$uOZH8NYFChRe/6DNgTpNHexLT9xiL7hJ8bwR5Agh6es0vltY4LWtm', 2, 1, '2023-04-18 19:25:26'),
(975, 'john918@h.com', '$2b$12$X5/scUuoneU084dfVF0Rm.fwc1lrOzdeklkNvgKiX2DiRImLftlQK', 2, 1, '2023-04-18 19:25:26'),
(976, 'john920@h.com', '$2b$12$PEI5g9xZRj7JjIw3kxAXcOx1ijzQxcRzD0YVpQZihQ1n6S4vnW96S', 2, 1, '2023-04-18 19:25:26'),
(977, 'john919@h.com', '$2b$12$07zbe.SzUjS8C5F5GaGM0.0Y0qQmXAlXlVWk36e/PHOjJcz/vywD6', 2, 1, '2023-04-18 19:25:26'),
(978, 'john915@h.com', '$2b$12$8zLMoipzYY0lIfs3BH2.BOnBMX8oMMEvqnyeSUNPQowZWwCxrAYyO', 2, 1, '2023-04-18 19:25:26'),
(979, 'john921@h.com', '$2b$12$iHCK6BY9564A8OKdpZJBeuPwIrHNuuROwUwpkYN2LoxbGy8Cr1sKS', 2, 1, '2023-04-18 19:25:26'),
(980, 'john923@h.com', '$2b$12$K/LQL31pP9Vpn.z9c2Yyue6wI3yWKGc9c/2gcIAqGPRS3uukVnjG.', 2, 1, '2023-04-18 19:25:26'),
(981, 'john922@h.com', '$2b$12$ocDmiW6aBjMn86zcg579ye8ne7Nl1IxndxElYKgcQ3GxEXM7tSpy.', 2, 1, '2023-04-18 19:25:26'),
(982, 'john926@h.com', '$2b$12$JdwDjxqX/3b8TlSaBdfRd.rQp5k/eMtB4CT08TIROAr64DsKtFkDq', 2, 1, '2023-04-18 19:25:26'),
(983, 'john924@h.com', '$2b$12$ZwZeYtzHYdLIpdWLwnXPneClhRD.1nZcMYQr6INUYmvUoPKhmhaja', 2, 1, '2023-04-18 19:25:26'),
(984, 'john925@h.com', '$2b$12$jTM3IKVl7kjSkdTqxBmCf.PdjpTqedGmRN..X9Q4zhfMTDLrAW9zq', 2, 1, '2023-04-18 19:25:26'),
(985, 'john927@h.com', '$2b$12$x/6CgdbF0U.vw47N88gg1OTFdukgJB6T08/BLNbctty0uxFaIx75O', 2, 1, '2023-04-18 19:25:26'),
(986, 'john932@h.com', '$2b$12$a0L/xNMrx1tiRLFUa1Bvc.pWUIcH8Dn3R.ED7/ODnc0wSX1TYrRCi', 2, 1, '2023-04-18 19:25:26'),
(987, 'john930@h.com', '$2b$12$wzHiGugYsVDQlj849Exr8e/6ZtB5UreLteEFg59J1JCDtqqxUWzBO', 2, 1, '2023-04-18 19:25:26'),
(988, 'john928@h.com', '$2b$12$.6s.Zw140hEVoc1oOCV7VO.H1BhZXjI89LGnhwofCdd25KIAEVQxi', 2, 1, '2023-04-18 19:25:26'),
(989, 'john931@h.com', '$2b$12$EyUhBelKqWFxq0K82FrybuL/gAGRBGmYo/fOBA4sXW0VPi6vUKXOS', 2, 1, '2023-04-18 19:25:26'),
(990, 'john929@h.com', '$2b$12$VbYCVHB/sjmPa.gnA5YVkeVeNVbrTh5e914r/prJofFbjUwXsUz9C', 2, 1, '2023-04-18 19:25:26'),
(991, 'john936@h.com', '$2b$12$ieyGlY493K8oEXo8DsC4reY..KksQbGbu8Q6RE90X2sTv3JqmkoQm', 2, 1, '2023-04-18 19:25:26'),
(992, 'john933@h.com', '$2b$12$k6wRDaMbMUb1fem5Co7rNOXOyee2YZGapK0hwaMeApJ7Q3EM0bida', 2, 1, '2023-04-18 19:25:26'),
(993, 'john934@h.com', '$2b$12$WsLjvm84wr0mjxzBZmAjHOLc2TZSnXSM7gTOneUpEktRY.wj.UgVS', 2, 1, '2023-04-18 19:25:26'),
(994, 'john935@h.com', '$2b$12$84tOCppdQjXUURPotmFmrO3.gipkskjZYuCX5wjuM8vKky29UBZZi', 2, 1, '2023-04-18 19:25:26'),
(995, 'john938@h.com', '$2b$12$fbAc4HBkNZa6fzijIIiMtOWNLxeHvbst.Q7DjutC0xE2Nv2godODa', 2, 1, '2023-04-18 19:25:26'),
(996, 'john937@h.com', '$2b$12$IuxfS537o1BEMjLRtEsRIez2n0cmzpQty58L2jw9UWxPZ58DauaK6', 2, 1, '2023-04-18 19:25:26'),
(997, 'john943@h.com', '$2b$12$GlI7Z78FwanY.FwQS3VNdeTgSmzWyE46Ylnqpo87sqERCicA3Nl1y', 2, 1, '2023-04-18 19:25:26'),
(998, 'john940@h.com', '$2b$12$OAWxuX/zmOHnjlyDixx1hOPur04BICE8aRoyWe9QPKMynuIiyjcYS', 2, 1, '2023-04-18 19:25:26'),
(999, 'john942@h.com', '$2b$12$OJ//XNlcPxV1mZY1KkTGyODPHol1FKbmtl9RpOrlRU2Id9sW/ua/a', 2, 1, '2023-04-18 19:25:26'),
(1000, 'john944@h.com', '$2b$12$65PkzJJ93tk07ZNCQgUsv.TiIo4nddY5P95R3CgV8aRbtcQ.X8y6.', 2, 1, '2023-04-18 19:25:26'),
(1001, 'john941@h.com', '$2b$12$imgYseJMmB6f6CvYNrPLVe3rqOgIKkJ8tdI9u9WttTNhFfpnOAmWq', 2, 1, '2023-04-18 19:25:26'),
(1002, 'john939@h.com', '$2b$12$pSgl6YkXYk5rGCBu1A4a5.Hven0PmlA.ADo8sX7/4bvNSy38wiBlu', 2, 1, '2023-04-18 19:25:26'),
(1003, 'john945@h.com', '$2b$12$JV/jX6t9emJmVM/nojsSMeHktgBfpT.Dhp/rAj4kP0yTgT.bPrxiq', 2, 1, '2023-04-18 19:25:26'),
(1004, 'john946@h.com', '$2b$12$O0I2AIUvR7mP72KAIqAkUu7W7jeMb631KPQN10L9SqkwCKNpCMs52', 2, 1, '2023-04-18 19:25:26'),
(1005, 'john948@h.com', '$2b$12$HLkZvtHPilXPIgS4X/rRvuIJcbGad4WOUjfJNJrv3X73AKEHFCWe.', 2, 1, '2023-04-18 19:25:26'),
(1006, 'john949@h.com', '$2b$12$HeUSgkzBlzu1erW5s7bAmeko4w2A.iztDrGeJhQhSXFthTjYUcvji', 2, 1, '2023-04-18 19:25:26'),
(1007, 'john950@h.com', '$2b$12$jykpTXPaOg9qrnWR0kocauS2vExP4GxSEbcLkGMg7IdsZXHhtam1S', 2, 1, '2023-04-18 19:25:26'),
(1008, 'john947@h.com', '$2b$12$6Ic/IPpUxfEkCazXBVoWZexFFzhjIL5zg82tIEzRuvV7dS5vgsisG', 2, 1, '2023-04-18 19:25:26'),
(1009, 'john954@h.com', '$2b$12$/6p/4v0F/5Clwj3.T1sMi.z4ONPX8YdO4s.icm6NXHuVIX.X5W5ta', 2, 1, '2023-04-18 19:25:26'),
(1010, 'john952@h.com', '$2b$12$iYLryi21k9RN15QlTcTKguS1hwKFr06h4b5wX4cK5X0VPIYGbKSQO', 2, 1, '2023-04-18 19:25:26'),
(1011, 'john953@h.com', '$2b$12$d/XmvVzRA6QdniH/4J58POksMau1KYlS2Fw1I.7CmJZ6fvjNuFeYq', 2, 1, '2023-04-18 19:25:26'),
(1012, 'john951@h.com', '$2b$12$FPsvdwpPczt9k3zQ4sESR.kL.pV/ljICjOGYM1qMYvcdTulf4cLaW', 2, 1, '2023-04-18 19:25:26'),
(1013, 'john956@h.com', '$2b$12$V/eFEGj5Dx4/iU4bLHZBWuhC13uRCOQo7ntpR3JRGaq7IiDev5Ssm', 2, 1, '2023-04-18 19:25:26'),
(1014, 'john955@h.com', '$2b$12$g6zDxt7OhgQyW07xkav/8.adiu.byZPBeER3NqRg.gsOCKQa9C5KK', 2, 1, '2023-04-18 19:25:26'),
(1015, 'john959@h.com', '$2b$12$z3Y5GdphqZPaQaV/sRAWnu9R7YjLJD5wqvrtb1WbbAMhRQqlt3EEK', 2, 1, '2023-04-18 19:25:26'),
(1016, 'john960@h.com', '$2b$12$uh1uofjHJ4nh2Kvqwa41heK1.zHgN2kfQGhtFPjbkXhLc.bXsI.oq', 2, 1, '2023-04-18 19:25:26'),
(1017, 'john958@h.com', '$2b$12$cHD6jAkrV7D6ckuwy93zeu2qwcGB1j5yzJ8tsl2NJEzMeWDMJWaby', 2, 1, '2023-04-18 19:25:26'),
(1018, 'john957@h.com', '$2b$12$95Vs0rFV/n06Yi9Jb8BYS.A8VMXtXkq55ApOz.FCfeI.DvreX48pG', 2, 1, '2023-04-18 19:25:26'),
(1019, 'john962@h.com', '$2b$12$AgUgZp8kFIgBJGFULUc4l.VfzfVddvhKNGjNQQRN8HItGOa9XWh42', 2, 1, '2023-04-18 19:25:26'),
(1020, 'john961@h.com', '$2b$12$.1rVv1IXoQ8vHVYj2xhjEOIR5fpiitGjfFkH.hRP87/t07KNyzHAe', 2, 1, '2023-04-18 19:25:26'),
(1021, 'john963@h.com', '$2b$12$IcU6HH6pCB8KvPY0fF.50ebdFhfA1zqLjJ6FzjTwatL90yE2FNC5G', 2, 1, '2023-04-18 19:25:26'),
(1022, 'john964@h.com', '$2b$12$6zeyEOH4NcD2l3g1OzffoubddWAFMEJWMlnTeMtjFUX2u4GmOXRHC', 2, 1, '2023-04-18 19:25:26'),
(1023, 'john966@h.com', '$2b$12$/pJBVKr4zhYZDTx8595O1uvtdK4gTlHF9eK1zEwtc/Dn.DztbiAQ6', 2, 1, '2023-04-18 19:25:26'),
(1024, 'john965@h.com', '$2b$12$6v8GR8F.6qm/iSuNuv4LcOYHHFyMkEUkGWRfh9sHtK0fRxi7yophq', 2, 1, '2023-04-18 19:25:26'),
(1025, 'john968@h.com', '$2b$12$T8AO/Nr/05Ne8Ukb9y/1eOXACQXJpCpnhH4t25DeDMmY7wWhdT8M.', 2, 1, '2023-04-18 19:25:26'),
(1026, 'john967@h.com', '$2b$12$8yP.OFGV1evDvXiW0/r2R.6MhprVA7oI1RsQHwbRz4ce3RPMzdtLK', 2, 1, '2023-04-18 19:25:26'),
(1027, 'john969@h.com', '$2b$12$7RS/j/KNuKvv58eftf5Bzu7TOu0L.GbYNDzcIpE6YoyMiJJaf4NBO', 2, 1, '2023-04-18 19:25:26'),
(1028, 'john970@h.com', '$2b$12$zvHp2cadSu03QKuJ3.vrnOkaxwfnbsnu9fkJKwniTpXQoh4odHt2q', 2, 1, '2023-04-18 19:25:26'),
(1029, 'john971@h.com', '$2b$12$JIFqCerSwoAVM72SHJiXG..WkMNMx1kEGpxE.pthDctyh.xFSiCzq', 2, 1, '2023-04-18 19:25:26'),
(1030, 'john972@h.com', '$2b$12$owUpIA7dwLQPsN6U8XS7p.Sk9jCXQa0Di9hmNjSVTSjfx3VYfoksi', 2, 1, '2023-04-18 19:25:26'),
(1031, 'john973@h.com', '$2b$12$T2NZ.LG2cZKez/RW47Mt4ut5RpCMm05G3X91AWSM9ZPKTnwN6zZ9m', 2, 1, '2023-04-18 19:25:26'),
(1032, 'john974@h.com', '$2b$12$K3iVoCkT5iDWxYcuNpRgxui.sWDsL47li7vHO8/BOtYNUNahcY0Na', 2, 1, '2023-04-18 19:25:26'),
(1033, 'john975@h.com', '$2b$12$dzLx3qlzRd4jK5WgheOP2eOgIBSON0tQZYnRhTTigpYPCwLRpyV.6', 2, 1, '2023-04-18 19:25:26'),
(1034, 'john977@h.com', '$2b$12$elYLm/pcOHqVv4mdGY/Jdutew8abkA4MSXbm3C5HOVat430CvM7rC', 2, 1, '2023-04-18 19:25:26'),
(1035, 'john976@h.com', '$2b$12$gHv6TqfigR87.W5IYQqIKODFT55i.oRcpRixpstDyvzTMUkLPzB3m', 2, 1, '2023-04-18 19:25:26'),
(1036, 'john978@h.com', '$2b$12$Xnt.HqoNDyxWDUof5toxZOGER50iqSWojYnzCHbKSgxtVIz9oy3JW', 2, 1, '2023-04-18 19:25:26'),
(1037, 'john979@h.com', '$2b$12$PmhW6ngSnx1wwqQ2xDbnK.Afh0XTrh4W2xIlrZ6pnHEIhDyr/diDS', 2, 1, '2023-04-18 19:25:26'),
(1038, 'john980@h.com', '$2b$12$Bl.yIQjMLMK1dnVLKKNPveu1Z0cG4pGrOlSHwoEaJocDTUICwuVaS', 2, 1, '2023-04-18 19:25:26'),
(1039, 'john981@h.com', '$2b$12$.DCW6pQOO0DFv.TIffKYiuAt1hkFXm5CcycE1fqKTH0S4CE7HU646', 2, 1, '2023-04-18 19:25:26'),
(1040, 'john983@h.com', '$2b$12$gyk2R/iJKag13Q3srJaMsurpyvYVp/aZL7L6.aXbubdTvqBDw7tEu', 2, 1, '2023-04-18 19:25:26'),
(1041, 'john982@h.com', '$2b$12$nJjcn.5HSckT2PguzbCd.OVQX2/iX00224/6gNhynBSfSX5JBd0P6', 2, 1, '2023-04-18 19:25:26'),
(1042, 'john984@h.com', '$2b$12$EE7XRcEdFBvlIknrr34RHuP6uv1JANRU.u5kLukjXuZfkw9DvhBsW', 2, 1, '2023-04-18 19:25:26'),
(1043, 'john986@h.com', '$2b$12$0i78LL2Sh/2lBUcH5RcncOZlAtueGVe.8J8E9LKx2OsNCthMnQvkS', 2, 1, '2023-04-18 19:25:26'),
(1044, 'john985@h.com', '$2b$12$zNq6J6xjzTmR6clWW0jjEeEk/TFM6GIp09329xzpUaqf5IlcADUGK', 2, 1, '2023-04-18 19:25:26'),
(1045, 'john987@h.com', '$2b$12$bs8I0D2qjbR5mFtN/gJbSOVLQXG.KhalZLRaRYSSVNA864bCKtijm', 2, 1, '2023-04-18 19:25:26'),
(1046, 'john989@h.com', '$2b$12$XPPXcR4IXhEz1FFEn2cBZewLCUD82aiF27oEFKUJCe35IzbHNtC2K', 2, 1, '2023-04-18 19:25:26'),
(1047, 'john988@h.com', '$2b$12$OgkUaOzZNJqmkHX8MezqYOf7U39VnPDPyn8/2yPD6cgEyaZuWMGAO', 2, 1, '2023-04-18 19:25:26'),
(1048, 'john990@h.com', '$2b$12$w687UKYfIbRC85b03AtHruI4Q3PtB/wd7/9CtC7jN7ROgAxLjFbam', 2, 1, '2023-04-18 19:25:26'),
(1049, 'john992@h.com', '$2b$12$ZUpvMxonxCMNeZqnOViZMeLCgrro/cNgxfwURnbpCppEnmc8J0ice', 2, 1, '2023-04-18 19:25:26'),
(1050, 'john991@h.com', '$2b$12$3mgsW3ZVtLhY52yi0fTc.OI72Q/P9o3la9PW06qulj8VqMNaaHl4C', 2, 1, '2023-04-18 19:25:26'),
(1051, 'john993@h.com', '$2b$12$wWoThhNNmBTuPYaOYUEnse7s14F7NB5SLDlQ4oWzSekppyVpx6ydu', 2, 1, '2023-04-18 19:25:26'),
(1052, 'john994@h.com', '$2b$12$Q4dcYC/bDgPZW//idaKoiekV3Go30CUTrUuiheUs.xH90SSfuCWwC', 2, 1, '2023-04-18 19:25:26'),
(1053, 'john998@h.com', '$2b$12$Et7UW0UHNnEWqpBKGtvv4e5Y8SRzC5wIaXqCq9ucuGNNpU6UhPuxW', 2, 1, '2023-04-18 19:25:26'),
(1054, 'john996@h.com', '$2b$12$q0HHY5xTUgEaBsy44.3h5ufirsE99vgrwv1HO92lqem2HIN8GhDuO', 2, 1, '2023-04-18 19:25:26'),
(1055, 'john997@h.com', '$2b$12$CCszgicEGXaOgOTX9V16w.QwpmdVbHXNC2/gt0U.0s8JEBF2FUME.', 2, 1, '2023-04-18 19:25:26'),
(1056, 'john995@h.com', '$2b$12$kQm73nAGHa0oRgeX0K.WSezcEhQZOiBNGTR32qhFK1yHMLInFwLxS', 2, 1, '2023-04-18 19:25:26'),
(1057, 'john999@h.com', '$2b$12$8M5Xk8L1lnMahxKF6tQ2L.NSAvdYwCoNCmiH0VwklT4WoDb0FrGxy', 2, 1, '2023-04-18 19:25:26'),
(1058, 'john1000@h.com', '$2b$12$cc0p1vnX6WJCIp6M/Wcc8OrYdk67StAPiQYFymb6Z5rjcil61G/rm', 2, 1, '2023-04-18 19:25:26');

--
-- Indexes for dumped tables
--

--
-- Indexes for table `curso`
--
ALTER TABLE `curso`
  ADD PRIMARY KEY (`id`),
  ADD UNIQUE KEY `id_UNIQUE` (`id`);

--
-- Indexes for table `documento`
--
ALTER TABLE `documento`
  ADD PRIMARY KEY (`id`),
  ADD UNIQUE KEY `id_UNIQUE` (`id`),
  ADD KEY `fk_documento_estudiante_id_idx` (`id_estudiante`),
  ADD KEY `fk_documento_lista-documentos_id_idx` (`id_lista_documentos`);

--
-- Indexes for table `estudiante`
--
ALTER TABLE `estudiante`
  ADD PRIMARY KEY (`id`),
  ADD UNIQUE KEY `Correo_UNIQUE` (`correo`),
  ADD UNIQUE KEY `id Persona_UNIQUE` (`id`),
  ADD KEY `fk_Curso_Id_idx` (`id_curso`);

--
-- Indexes for table `lista_documentos`
--
ALTER TABLE `lista_documentos`
  ADD PRIMARY KEY (`id`),
  ADD UNIQUE KEY `Id_UNIQUE` (`id`);

--
-- Indexes for table `matricula`
--
ALTER TABLE `matricula`
  ADD PRIMARY KEY (`id`),
  ADD UNIQUE KEY `Matricula_UNIQUE` (`id`),
  ADD UNIQUE KEY `id_estudiante_UNIQUE` (`id_estudiante`),
  ADD KEY `fk_Matricula_Estudiante1_idx` (`id_estudiante`);

--
-- Indexes for table `rol`
--
ALTER TABLE `rol`
  ADD PRIMARY KEY (`id`);

--
-- Indexes for table `usuario`
--
ALTER TABLE `usuario`
  ADD PRIMARY KEY (`id`),
  ADD UNIQUE KEY `Usuario_unique` (`usuario`),
  ADD UNIQUE KEY `id_UNIQUE` (`id`),
  ADD KEY `fk_Usuario_Rol1_idx` (`id_rol`);

--
-- AUTO_INCREMENT for dumped tables
--

--
-- AUTO_INCREMENT for table `documento`
--
ALTER TABLE `documento`
  MODIFY `id` int(11) NOT NULL AUTO_INCREMENT, AUTO_INCREMENT=27;

--
-- AUTO_INCREMENT for table `estudiante`
--
ALTER TABLE `estudiante`
  MODIFY `id` int(11) NOT NULL AUTO_INCREMENT, AUTO_INCREMENT=1034;

--
-- AUTO_INCREMENT for table `matricula`
--
ALTER TABLE `matricula`
  MODIFY `id` int(11) NOT NULL AUTO_INCREMENT;

--
-- AUTO_INCREMENT for table `usuario`
--
ALTER TABLE `usuario`
  MODIFY `id` int(11) NOT NULL AUTO_INCREMENT, AUTO_INCREMENT=1059;

--
-- Constraints for dumped tables
--

--
-- Constraints for table `documento`
--
ALTER TABLE `documento`
  ADD CONSTRAINT `fk_documento_estudiante_id` FOREIGN KEY (`id_estudiante`) REFERENCES `estudiante` (`id`) ON DELETE CASCADE ON UPDATE CASCADE,
  ADD CONSTRAINT `fk_documento_lista-documentos_id` FOREIGN KEY (`id_lista_documentos`) REFERENCES `lista_documentos` (`id`) ON DELETE NO ACTION ON UPDATE CASCADE;

--
-- Constraints for table `estudiante`
--
ALTER TABLE `estudiante`
  ADD CONSTRAINT `fk_Estudiante_Curso_Id` FOREIGN KEY (`id_curso`) REFERENCES `curso` (`id`) ON DELETE NO ACTION ON UPDATE CASCADE,
  ADD CONSTRAINT `fk_estudiante_usuario_Usuario` FOREIGN KEY (`correo`) REFERENCES `usuario` (`usuario`) ON DELETE CASCADE ON UPDATE CASCADE;

--
-- Constraints for table `matricula`
--
ALTER TABLE `matricula`
  ADD CONSTRAINT `fk_Matricula_Estudiante1` FOREIGN KEY (`id_estudiante`) REFERENCES `estudiante` (`id`) ON DELETE CASCADE ON UPDATE CASCADE;
COMMIT;

/*!40101 SET CHARACTER_SET_CLIENT=@OLD_CHARACTER_SET_CLIENT */;
/*!40101 SET CHARACTER_SET_RESULTS=@OLD_CHARACTER_SET_RESULTS */;
/*!40101 SET COLLATION_CONNECTION=@OLD_COLLATION_CONNECTION */;
